PUT,20
DELETE,32
DELETE,18
PUT,9
DELETE,27
PUT,5
PUT,5
GET,8
GET,9
PUT,5
PUT,6
DELETE,22
PUT,5
GET,10
DELETE,16
PUT,4
DELETE,15
GET,17
DELETE,16
PUT,4
PUT,6
DELETE,15
PUT,4
PUT,6
DELETE,22
DELETE,17
GET,17
DELETE,15
DELETE,20
GET,7
PUT,4
DELETE,32
GET,9
GET,16
GET,9
DELETE,19
PUT,4
GET,10
DELETE,20
GET,16
DELETE,29
GET,10
DELETE,17
DELETE,16
DELETE,15
GET,10
GET,10
PUT,5
GET,16
GET,11
DELETE,17
PUT,5
DELETE,15
GET,11
PUT,4
DELETE,17
PUT,4
PUT,5
PUT,6
DELETE,18
GET,8
DELETE,28
DELETE,24
DELETE,22
DELETE,25
PUT,8
GET,14
GET,8
PUT,4
PUT,9
DELETE,19
DELETE,16
PUT,7
DELETE,15
PUT,10
PUT,5
PUT,4
GET,18
PUT,11
DELETE,21
GET,16
GET,7
DELETE,15
GET,7
DELETE,17
PUT,5
DELETE,18
DELETE,15
DELETE,15
DELETE,16
GET,16
PUT,5
GET,9
PUT,5
GET,7
DELETE,23
DELETE,19
GET,13
DELETE,16
DELETE,15
PUT,4
PUT,7
DELETE,15
DELETE,14
PUT,3
PUT,9
PUT,6
DELETE,15
GET,7
DELETE,21
PUT,4
GET,8
DELETE,32
DELETE,21
PUT,11
GET,9
GET,8
DELETE,22
GET,10
PUT,4
GET,9
GET,8
PUT,6
DELETE,21
DELETE,18
DELETE,17
GET,9
PUT,8
GET,14
DELETE,18
DELETE,18
PUT,4
GET,11
PUT,5
DELETE,14
GET,10
PUT,8
GET,35
DELETE,15
GET,9
DELETE,15
DELETE,19
PUT,4
DELETE,16
PUT,4
GET,16
DELETE,16
PUT,6
DELETE,22
GET,7
PUT,6
PUT,4
DELETE,15
DELETE,19
GET,7
GET,9
PUT,9
PUT,8
DELETE,15
DELETE,17
GET,6
GET,12
DELETE,18
DELETE,16
GET,7
GET,20
GET,10
GET,9
PUT,17
PUT,4
GET,26
DELETE,19
DELETE,16
DELETE,15
DELETE,39
DELETE,18
GET,12
PUT,7
GET,10
GET,17
GET,10
GET,7
DELETE,32
DELETE,20
GET,9
GET,8
GET,7
PUT,9
GET,8
DELETE,14
GET,11
PUT,7
GET,9
GET,8
GET,10
GET,14
GET,17
PUT,8
PUT,4
GET,15
DELETE,15
DELETE,19
GET,7
PUT,5
DELETE,23
GET,15
PUT,6
GET,12
PUT,5
DELETE,24
PUT,5
PUT,5
GET,8
PUT,8
DELETE,16
DELETE,17
DELETE,15
DELETE,23
PUT,8
DELETE,15
PUT,9
PUT,10
DELETE,27
GET,8
GET,8
GET,13
PUT,4
DELETE,17
PUT,4
PUT,8
DELETE,21
GET,11
PUT,5
GET,11
DELETE,19
PUT,8
DELETE,21
GET,10
DELETE,36
GET,11
PUT,8
PUT,4
PUT,8
PUT,5
PUT,6
DELETE,16
DELETE,15
GET,15
PUT,4
DELETE,29
DELETE,25
DELETE,27
PUT,9
DELETE,16
GET,8
GET,9
DELETE,25
PUT,6
GET,19
DELETE,37
DELETE,32
PUT,5
PUT,9
DELETE,23
DELETE,15
DELETE,32
PUT,8
GET,16
DELETE,28
DELETE,29
PUT,10
GET,15
PUT,8
PUT,8
GET,11
DELETE,23
PUT,9
GET,13
DELETE,31
DELETE,15
GET,8
DELETE,19
PUT,7
DELETE,28
DELETE,14
DELETE,28
GET,8
DELETE,31
PUT,7
GET,14
PUT,7
PUT,8
GET,16
GET,16
GET,13
PUT,7
DELETE,16
GET,16
PUT,8
PUT,6
DELETE,20
GET,16
GET,14
DELETE,14
PUT,7
DELETE,24
DELETE,19
DELETE,25
PUT,7
PUT,8
DELETE,20
DELETE,17
DELETE,15
GET,11
PUT,6
PUT,4
DELETE,18
PUT,8
GET,13
PUT,7
DELETE,22
PUT,8
PUT,7
DELETE,21
DELETE,21
PUT,7
PUT,7
PUT,8
GET,7
DELETE,17
PUT,8
GET,10
DELETE,17
GET,10
PUT,8
GET,14
DELETE,23
DELETE,17
PUT,7
PUT,6
PUT,7
PUT,8
DELETE,17
DELETE,18
GET,14
GET,16
GET,13
DELETE,27
PUT,7
DELETE,19
DELETE,21
DELETE,20
DELETE,13
DELETE,19
DELETE,24
PUT,7
GET,12
PUT,7
GET,16
DELETE,16
GET,8
DELETE,13
GET,15
DELETE,19
PUT,8
DELETE,20
GET,16
GET,7
PUT,7
GET,14
DELETE,20
GET,8
PUT,9
PUT,7
DELETE,19
PUT,8
GET,13
GET,15
PUT,8
DELETE,16
GET,9
GET,11
GET,11
DELETE,14
PUT,8
GET,13
DELETE,31
DELETE,18
GET,11
GET,14
DELETE,30
PUT,8
PUT,6
DELETE,26
PUT,8
DELETE,22
DELETE,17
DELETE,15
PUT,7
GET,13
PUT,5
PUT,8
GET,8
DELETE,18
PUT,7
PUT,7
PUT,7
PUT,7
GET,12
DELETE,24
DELETE,29
DELETE,19
GET,14
GET,16
GET,13
DELETE,19
DELETE,26
DELETE,24
PUT,4
PUT,7
PUT,8
PUT,8
PUT,5
GET,8
DELETE,20
DELETE,19
DELETE,16
PUT,9
DELETE,17
DELETE,27
PUT,7
PUT,6
GET,15
GET,14
GET,14
DELETE,28
GET,12
GET,12
GET,7
GET,15
GET,13
PUT,8
GET,17
PUT,4
DELETE,17
DELETE,19
PUT,4
DELETE,21
PUT,7
DELETE,17
PUT,8
DELETE,31
PUT,8
GET,12
PUT,8
PUT,9
GET,13
PUT,8
DELETE,15
DELETE,19
PUT,7
GET,12
DELETE,26
PUT,7
DELETE,22
GET,15
PUT,4
PUT,4
DELETE,19
PUT,8
DELETE,20
PUT,8
DELETE,21
DELETE,21
PUT,10
DELETE,19
DELETE,24
PUT,7
DELETE,24
GET,12
DELETE,22
GET,15
DELETE,18
GET,12
PUT,8
GET,12
GET,12
DELETE,33
GET,10
DELETE,19
GET,12
DELETE,20
DELETE,28
DELETE,16
PUT,7
DELETE,15
DELETE,19
DELETE,17
DELETE,20
DELETE,13
DELETE,15
DELETE,16
PUT,7
GET,13
GET,12
DELETE,20
DELETE,18
PUT,7
DELETE,18
GET,9
GET,10
GET,11
PUT,9
GET,15
PUT,9
DELETE,20
DELETE,24
DELETE,31
PUT,8
GET,10
PUT,8
DELETE,19
GET,10
PUT,8
GET,11
DELETE,17
DELETE,21
GET,10
GET,13
GET,15
GET,10
DELETE,16
GET,13
PUT,8
GET,14
GET,12
PUT,8
DELETE,23
PUT,6
DELETE,19
GET,14
PUT,8
DELETE,19
DELETE,21
PUT,8
PUT,5
PUT,8
DELETE,25
PUT,7
DELETE,17
PUT,4
GET,8
DELETE,23
GET,15
PUT,8
PUT,8
GET,16
DELETE,22
PUT,7
PUT,6
GET,9
GET,12
PUT,4
GET,11
GET,11
DELETE,16
PUT,7
GET,13
PUT,7
GET,15
GET,12
DELETE,28
PUT,5
PUT,3
DELETE,16
DELETE,24
PUT,7
PUT,3
DELETE,18
DELETE,19
DELETE,17
DELETE,19
DELETE,19
DELETE,17
PUT,8
DELETE,18
GET,10
DELETE,17
DELETE,18
DELETE,18
PUT,7
DELETE,21
GET,11
DELETE,20
PUT,7
PUT,7
PUT,7
DELETE,18
DELETE,16
PUT,6
DELETE,18
DELETE,19
GET,9
DELETE,17
GET,11
GET,11
PUT,7
PUT,7
PUT,7
GET,7
DELETE,19
DELETE,16
GET,12
PUT,7
DELETE,17
PUT,8
DELETE,18
DELETE,18
GET,11
PUT,7
DELETE,17
GET,7
DELETE,20
DELETE,17
PUT,4
GET,10
PUT,4
DELETE,20
DELETE,19
GET,12
GET,13
PUT,6
DELETE,17
GET,11
DELETE,18
DELETE,17
PUT,7
PUT,7
PUT,7
PUT,7
GET,11
DELETE,17
GET,12
GET,11
PUT,7
DELETE,18
PUT,4
DELETE,18
DELETE,20
DELETE,18
DELETE,18
DELETE,18
PUT,7
GET,10
DELETE,19
PUT,6
GET,12
GET,9
GET,12
DELETE,21
GET,12
PUT,7
GET,15
PUT,7
GET,11
GET,11
PUT,7
DELETE,16
PUT,7
PUT,7
PUT,9
PUT,7
DELETE,17
GET,13
DELETE,14
GET,6
PUT,8
GET,11
DELETE,20
PUT,7
GET,11
PUT,7
DELETE,21
PUT,7
DELETE,28
PUT,3
PUT,7
DELETE,18
PUT,6
GET,14
DELETE,17
DELETE,16
GET,12
PUT,8
PUT,7
PUT,8
PUT,4
GET,10
GET,11
DELETE,17
PUT,7
DELETE,17
PUT,6
DELETE,17
PUT,7
PUT,7
GET,10
PUT,4
GET,11
GET,11
DELETE,18
PUT,6
GET,8
GET,8
DELETE,20
PUT,7
GET,11
DELETE,18
PUT,5
PUT,7
PUT,7
DELETE,16
DELETE,18
PUT,4
DELETE,16
GET,11
DELETE,18
PUT,7
PUT,7
DELETE,13
GET,12
PUT,7
DELETE,17
DELETE,18
PUT,8
PUT,6
PUT,7
DELETE,21
GET,8
DELETE,18
GET,8
DELETE,18
GET,12
GET,11
PUT,3
DELETE,17
GET,13
GET,13
DELETE,21
DELETE,20
GET,12
PUT,4
DELETE,19
GET,8
DELETE,19
GET,10
DELETE,18
PUT,7
GET,12
GET,8
PUT,7
PUT,7
PUT,3
PUT,6
GET,11
GET,11
GET,13
DELETE,18
GET,10
GET,11
GET,11
GET,13
PUT,3
DELETE,19
PUT,7
GET,12
PUT,8
DELETE,20
DELETE,16
GET,10
GET,9
GET,9
PUT,5
DELETE,17
GET,14
DELETE,14
PUT,4
DELETE,19
GET,9
DELETE,17
PUT,4
PUT,7
DELETE,17
PUT,4
DELETE,16
DELETE,14
PUT,8
PUT,4
PUT,3
PUT,5
DELETE,17
DELETE,17
PUT,6
GET,8
PUT,6
DELETE,23
GET,9
PUT,7
DELETE,13
DELETE,17
DELETE,14
GET,10
DELETE,21
GET,14
PUT,4
DELETE,17
PUT,4
DELETE,17
PUT,4
DELETE,17
PUT,4
DELETE,20
DELETE,17
GET,12
PUT,5
PUT,4
DELETE,20
PUT,3
PUT,6
GET,10
PUT,5
GET,9
GET,8
DELETE,20
DELETE,20
DELETE,17
DELETE,20
DELETE,26
DELETE,16
PUT,8
PUT,4
DELETE,16
DELETE,18
DELETE,16
GET,15
GET,14
GET,14
GET,8
DELETE,18
GET,9
PUT,4
PUT,5
DELETE,24
DELETE,17
GET,13
PUT,4
GET,9
DELETE,15
DELETE,18
DELETE,18
PUT,3
PUT,9
GET,18
DELETE,17
PUT,8
GET,13
DELETE,23
PUT,8
GET,10
PUT,9
GET,8
GET,8
PUT,4
DELETE,15
PUT,7
PUT,8
DELETE,22
DELETE,13
PUT,7
GET,13
DELETE,19
DELETE,19
DELETE,14
GET,14
PUT,7
GET,12
PUT,7
GET,7
DELETE,18
GET,10
PUT,5
PUT,6
DELETE,22
DELETE,25
PUT,8
PUT,4
DELETE,20
GET,17
DELETE,17
GET,14
DELETE,34
GET,8
GET,12
DELETE,21
PUT,7
DELETE,16
PUT,7
DELETE,20
GET,12
GET,10
GET,9
DELETE,23
PUT,5
GET,9
PUT,5
GET,9
PUT,8
PUT,7
DELETE,17
DELETE,18
PUT,6
DELETE,20
DELETE,19
PUT,7
PUT,7
PUT,8
GET,9
DELETE,19
GET,11
DELETE,22
GET,10
PUT,7
GET,11
PUT,4
PUT,7
GET,10
GET,8
PUT,4
GET,12
PUT,5
DELETE,21
GET,15
DELETE,15
DELETE,20
GET,11
GET,11
PUT,6
GET,16
PUT,7
GET,14
DELETE,17
DELETE,23
PUT,5
DELETE,30
DELETE,13
DELETE,18
PUT,4
PUT,4
DELETE,17
PUT,8
DELETE,18
DELETE,18
DELETE,17
GET,15
GET,16
PUT,7
DELETE,19
DELETE,20
DELETE,33
DELETE,17
DELETE,21
PUT,7
DELETE,21
GET,11
DELETE,17
DELETE,14
GET,13
DELETE,20
PUT,4
DELETE,18
DELETE,19
GET,17
GET,26
PUT,8
DELETE,23
PUT,7
PUT,8
DELETE,17
PUT,6
PUT,8
PUT,8
PUT,7
DELETE,14
DELETE,12
PUT,4
PUT,8
GET,13
PUT,6
PUT,5
GET,8
GET,18
PUT,8
PUT,7
GET,11
GET,17
GET,8
DELETE,18
DELETE,17
GET,14
GET,12
DELETE,17
GET,14
GET,12
GET,14
PUT,6
DELETE,22
PUT,10
DELETE,14
GET,12
GET,10
DELETE,16
GET,8
PUT,4
PUT,7
PUT,6
PUT,7
GET,15
DELETE,22
GET,7
GET,9
GET,10
DELETE,23
PUT,8
PUT,7
GET,11
PUT,7
DELETE,17
GET,14
PUT,7
GET,8
GET,8
GET,8
DELETE,18
DELETE,22
PUT,10
DELETE,19
GET,15
DELETE,21
PUT,7
PUT,4
GET,11
PUT,7
GET,11
DELETE,18
DELETE,27
PUT,7
DELETE,14
GET,13
GET,6
DELETE,16
DELETE,16
PUT,4
GET,8
PUT,4
DELETE,17
DELETE,15
DELETE,18
GET,7
PUT,9
PUT,8
DELETE,25
GET,11
PUT,7
DELETE,22
GET,12
PUT,10
PUT,6
DELETE,18
PUT,4
GET,10
GET,13
DELETE,15
PUT,4
DELETE,16
GET,9
GET,7
PUT,8
DELETE,28
PUT,8
GET,14
GET,12
PUT,7
DELETE,18
PUT,7
PUT,4
GET,12
DELETE,14
GET,12
PUT,7
PUT,7
DELETE,24
GET,14
PUT,7
DELETE,17
DELETE,17
DELETE,18
PUT,4
PUT,9
GET,9
DELETE,16
DELETE,16
DELETE,16
DELETE,18
GET,10
GET,8
DELETE,18
DELETE,18
PUT,7
DELETE,21
PUT,7
PUT,6
PUT,7
PUT,7
GET,10
DELETE,17
PUT,8
DELETE,18
GET,15
DELETE,16
PUT,7
PUT,7
DELETE,18
DELETE,25
DELETE,18
DELETE,17
DELETE,17
GET,11
GET,14
GET,13
GET,13
GET,10
GET,11
GET,16
GET,8
PUT,8
PUT,7
PUT,5
DELETE,55
PUT,4
GET,8
GET,10
PUT,8
PUT,8
PUT,7
GET,16
DELETE,19
GET,8
PUT,5
DELETE,30
GET,13
GET,11
DELETE,18
PUT,8
GET,10
GET,9
DELETE,25
DELETE,25
DELETE,18
GET,11
GET,12
PUT,7
DELETE,18
PUT,4
PUT,7
PUT,8
DELETE,27
DELETE,23
PUT,8
DELETE,16
GET,10
GET,14
PUT,7
DELETE,19
DELETE,27
PUT,8
DELETE,16
GET,12
PUT,4
DELETE,18
DELETE,17
PUT,7
PUT,6
PUT,4
PUT,4
GET,11
GET,13
GET,13
DELETE,34
PUT,7
GET,12
GET,11
DELETE,24
DELETE,21
DELETE,15
GET,10
PUT,7
GET,8
PUT,7
DELETE,15
DELETE,17
GET,12
DELETE,18
GET,8
PUT,5
PUT,9
GET,12
PUT,7
PUT,7
PUT,7
PUT,7
PUT,8
GET,10
PUT,7
GET,11
GET,10
GET,16
GET,11
GET,8
GET,8
GET,16
DELETE,14
PUT,7
DELETE,18
DELETE,17
DELETE,20
DELETE,13
DELETE,21
DELETE,18
DELETE,17
GET,14
PUT,8
DELETE,18
DELETE,32
DELETE,16
PUT,7
GET,11
GET,11
PUT,7
GET,12
DELETE,18
PUT,8
PUT,4
DELETE,20
GET,12
PUT,7
PUT,7
DELETE,15
GET,12
DELETE,21
PUT,8
DELETE,14
PUT,7
GET,8
DELETE,18
GET,8
PUT,9
DELETE,18
GET,11
DELETE,29
DELETE,16
PUT,8
DELETE,19
PUT,6
DELETE,28
PUT,4
DELETE,16
DELETE,22
PUT,4
DELETE,17
PUT,7
GET,12
PUT,8
GET,10
PUT,7
PUT,4
PUT,5
GET,12
GET,8
PUT,7
GET,10
PUT,8
PUT,7
GET,14
PUT,7
DELETE,15
GET,14
GET,10
GET,9
GET,12
PUT,8
PUT,6
DELETE,25
PUT,6
GET,9
PUT,6
DELETE,19
PUT,4
GET,9
PUT,7
DELETE,20
GET,13
DELETE,20
PUT,5
GET,10
GET,11
GET,12
DELETE,30
PUT,4
GET,12
PUT,6
DELETE,16
GET,10
PUT,4
PUT,7
PUT,8
GET,12
DELETE,17
DELETE,14
GET,7
PUT,7
DELETE,18
DELETE,57
GET,9
GET,11
GET,16
PUT,7
GET,12
DELETE,24
DELETE,51
DELETE,34
GET,12
GET,10
GET,7
GET,11
DELETE,19
PUT,5
GET,10
DELETE,22
GET,48
DELETE,22
DELETE,42
PUT,6
PUT,4
PUT,4
GET,14
PUT,7
PUT,4
DELETE,22
PUT,8
PUT,5
DELETE,23
PUT,7
DELETE,19
DELETE,18
DELETE,24
GET,11
PUT,5
GET,10
GET,15
DELETE,19
DELETE,19
PUT,3
DELETE,17
PUT,5
PUT,4
PUT,7
PUT,4
PUT,7
PUT,6
GET,9
PUT,7
GET,14
GET,11
PUT,4
GET,10
PUT,5
DELETE,19
GET,10
DELETE,17
DELETE,17
DELETE,17
PUT,4
GET,14
GET,12
DELETE,16
GET,8
DELETE,15
PUT,7
DELETE,22
GET,12
PUT,6
PUT,7
PUT,7
GET,10
GET,12
GET,7
PUT,9
DELETE,19
GET,11
DELETE,18
PUT,7
DELETE,16
PUT,7
GET,13
GET,11
GET,7
GET,12
PUT,3
DELETE,17
PUT,7
GET,14
DELETE,24
PUT,7
DELETE,17
DELETE,20
PUT,7
PUT,6
DELETE,17
DELETE,16
GET,14
GET,11
DELETE,12
DELETE,17
GET,13
GET,11
DELETE,18
GET,10
PUT,7
GET,8
GET,8
GET,13
PUT,7
GET,11
DELETE,18
GET,12
DELETE,16
DELETE,20
GET,10
GET,9
GET,10
GET,11
DELETE,17
GET,10
DELETE,22
PUT,7
PUT,7
PUT,6
PUT,8
DELETE,22
DELETE,15
DELETE,17
PUT,7
PUT,8
GET,13
GET,13
GET,10
GET,12
GET,10
PUT,6
GET,10
DELETE,18
DELETE,16
DELETE,17
GET,12
PUT,7
PUT,8
DELETE,17
DELETE,18
PUT,7
GET,12
DELETE,18
PUT,8
PUT,7
PUT,4
PUT,4
GET,15
PUT,7
DELETE,19
DELETE,19
DELETE,17
GET,11
GET,11
DELETE,23
GET,12
DELETE,20
PUT,7
DELETE,18
PUT,8
DELETE,18
PUT,6
PUT,8
PUT,7
PUT,7
DELETE,16
DELETE,17
DELETE,18
GET,10
DELETE,20
GET,14
GET,11
PUT,6
DELETE,16
PUT,6
PUT,7
PUT,7
PUT,6
DELETE,16
GET,10
PUT,6
PUT,6
GET,14
DELETE,16
DELETE,17
GET,9
GET,12
PUT,6
DELETE,16
GET,8
DELETE,18
PUT,7
DELETE,17
PUT,7
PUT,7
DELETE,16
DELETE,16
PUT,7
PUT,6
PUT,7
PUT,7
DELETE,19
PUT,7
PUT,7
DELETE,16
GET,12
GET,12
DELETE,16
GET,12
GET,12
GET,8
DELETE,17
PUT,7
GET,8
DELETE,30
PUT,6
DELETE,24
DELETE,21
PUT,7
GET,6
PUT,6
PUT,8
PUT,6
DELETE,21
PUT,8
PUT,7
PUT,7
GET,11
GET,12
PUT,7
DELETE,19
DELETE,16
GET,8
GET,15
PUT,7
GET,14
GET,6
GET,6
DELETE,19
PUT,7
GET,8
DELETE,18
DELETE,18
GET,11
PUT,7
GET,10
GET,10
GET,11
PUT,4
DELETE,18
PUT,7
PUT,7
PUT,7
DELETE,18
PUT,7
PUT,7
DELETE,20
GET,12
DELETE,18
DELETE,13
GET,14
PUT,4
DELETE,16
DELETE,18
DELETE,19
PUT,7
DELETE,18
GET,13
GET,11
PUT,8
PUT,5
DELETE,16
PUT,7
PUT,7
DELETE,27
GET,10
GET,10
PUT,7
DELETE,18
GET,13
DELETE,17
PUT,4
GET,9
PUT,4
GET,11
GET,14
DELETE,16
GET,6
GET,10
GET,12
PUT,7
DELETE,19
GET,7
DELETE,18
PUT,7
PUT,7
DELETE,24
PUT,7
PUT,7
DELETE,18
DELETE,18
GET,11
GET,10
PUT,4
DELETE,20
PUT,3
PUT,4
GET,9
GET,7
GET,10
PUT,7
GET,13
PUT,7
GET,10
DELETE,17
DELETE,17
DELETE,21
DELETE,18
DELETE,17
PUT,7
GET,11
DELETE,19
GET,14
GET,9
GET,14
PUT,4
DELETE,18
PUT,6
DELETE,18
GET,12
DELETE,15
DELETE,18
PUT,7
GET,11
DELETE,18
PUT,6
DELETE,17
GET,9
DELETE,16
PUT,7
PUT,6
GET,11
GET,10
PUT,7
DELETE,16
DELETE,25
DELETE,12
GET,10
GET,9
GET,15
GET,10
PUT,6
DELETE,12
PUT,7
GET,12
PUT,7
GET,13
DELETE,12
GET,12
PUT,7
PUT,7
PUT,7
PUT,7
PUT,8
GET,11
DELETE,26
GET,11
GET,7
PUT,4
DELETE,19
DELETE,20
PUT,7
PUT,6
GET,12
GET,12
PUT,7
PUT,7
PUT,8
DELETE,13
PUT,7
DELETE,19
DELETE,21
DELETE,20
DELETE,19
GET,12
GET,12
GET,12
DELETE,17
PUT,4
PUT,4
GET,11
GET,10
GET,12
GET,10
DELETE,16
GET,10
PUT,6
GET,11
GET,12
GET,12
PUT,4
GET,13
GET,9
GET,10
PUT,7
PUT,7
PUT,8
PUT,7
PUT,6
PUT,4
GET,14
GET,8
PUT,8
GET,10
GET,11
DELETE,17
PUT,7
GET,13
PUT,7
PUT,7
PUT,8
DELETE,21
GET,7
DELETE,18
PUT,6
DELETE,18
GET,11
DELETE,17
PUT,6
PUT,7
PUT,6
GET,10
PUT,3
GET,7
PUT,7
GET,9
DELETE,18
DELETE,17
GET,10
PUT,7
PUT,7
DELETE,18
GET,11
DELETE,21
PUT,7
PUT,4
PUT,7
DELETE,20
PUT,7
DELETE,18
GET,12
PUT,6
GET,13
GET,9
DELETE,19
GET,9
DELETE,18
GET,14
GET,13
DELETE,17
PUT,8
DELETE,17
DELETE,24
GET,10
PUT,8
PUT,6
DELETE,18
PUT,7
PUT,4
DELETE,18
DELETE,19
GET,11
PUT,8
GET,14
GET,8
PUT,4
PUT,5
PUT,7
DELETE,18
DELETE,17
PUT,7
GET,13
GET,12
PUT,6
PUT,5
PUT,7
PUT,6
GET,7
GET,11
PUT,7
PUT,7
GET,10
DELETE,16
PUT,7
GET,7
DELETE,18
PUT,7
DELETE,16
GET,8
GET,11
PUT,8
GET,9
DELETE,23
DELETE,27
DELETE,20
DELETE,20
PUT,7
DELETE,21
DELETE,18
PUT,4
PUT,7
DELETE,24
GET,12
DELETE,13
DELETE,21
PUT,7
GET,9
PUT,7
GET,10
PUT,8
PUT,4
PUT,4
DELETE,16
PUT,7
PUT,7
GET,11
GET,10
DELETE,18
DELETE,18
PUT,7
GET,11
GET,7
GET,10
PUT,7
GET,11
GET,11
PUT,7
PUT,6
GET,10
PUT,6
PUT,7
GET,8
GET,9
DELETE,21
PUT,9
DELETE,27
GET,16
GET,12
DELETE,19
GET,10
DELETE,25
GET,14
PUT,9
DELETE,24
GET,10
GET,12
DELETE,20
GET,17
GET,13
PUT,7
GET,12
PUT,4
PUT,4
PUT,9
DELETE,19
GET,10
PUT,5
DELETE,15
DELETE,14
GET,8
PUT,6
GET,10
GET,11
PUT,6
GET,7
DELETE,22
PUT,4
PUT,7
DELETE,31
DELETE,20
DELETE,23
GET,12
PUT,7
GET,15
GET,9
PUT,8
PUT,5
PUT,5
PUT,8
DELETE,15
DELETE,14
DELETE,13
GET,11
DELETE,22
PUT,5
PUT,8
PUT,6
PUT,8
GET,15
PUT,7
DELETE,24
PUT,8
PUT,4
GET,11
PUT,6
GET,12
GET,14
GET,10
PUT,5
DELETE,19
DELETE,21
DELETE,18
GET,8
PUT,7
PUT,8
GET,15
DELETE,29
GET,13
DELETE,18
GET,9
PUT,8
GET,14
DELETE,21
PUT,7
PUT,9
PUT,7
GET,7
GET,10
DELETE,33
DELETE,17
GET,10
PUT,7
PUT,7
GET,14
DELETE,16
DELETE,17
GET,12
PUT,6
PUT,8
DELETE,18
PUT,18
GET,13
PUT,5
DELETE,35
PUT,7
PUT,7
GET,16
PUT,7
PUT,9
GET,12
DELETE,21
PUT,8
GET,9
GET,15
DELETE,29
PUT,8
DELETE,21
DELETE,16
PUT,8
DELETE,19
DELETE,15
PUT,8
