PUT,47
DELETE,158
PUT,12
GET,39
GET,8
DELETE,145
DELETE,154
PUT,22
GET,7
GET,7
PUT,19
DELETE,150
PUT,15
DELETE,148
GET,7
GET,5
PUT,10
PUT,22
PUT,12
GET,8
DELETE,163
DELETE,149
GET,7
GET,7
GET,8
DELETE,151
DELETE,175
PUT,22
PUT,22
GET,8
GET,8
PUT,9
PUT,23
PUT,11
DELETE,154
GET,5
DELETE,172
DELETE,155
GET,4
DELETE,145
PUT,11
DELETE,146
PUT,13
GET,5
PUT,14
GET,8
PUT,11
GET,8
PUT,11
GET,5
GET,7
DELETE,136
DELETE,154
PUT,18
DELETE,148
GET,5
GET,5
PUT,22
GET,7
PUT,12
PUT,13
DELETE,157
DELETE,140
GET,4
DELETE,134
DELETE,141
GET,4
PUT,16
PUT,18
PUT,12
DELETE,142
GET,8
GET,7
DELETE,137
DELETE,139
GET,8
DELETE,139
DELETE,136
DELETE,133
GET,8
DELETE,153
DELETE,158
PUT,11
PUT,11
GET,5
GET,5
PUT,26
DELETE,167
GET,8
GET,7
GET,6
PUT,15
DELETE,149
PUT,14
PUT,12
DELETE,141
PUT,24
PUT,11
DELETE,164
DELETE,162
GET,5
GET,5
GET,8
DELETE,141
PUT,12
DELETE,143
PUT,11
GET,7
DELETE,141
DELETE,141
PUT,14
PUT,23
GET,9
DELETE,174
DELETE,149
PUT,14
DELETE,148
DELETE,146
PUT,23
GET,4
PUT,10
DELETE,146
DELETE,143
GET,8
GET,7
DELETE,152
GET,8
GET,8
PUT,15
DELETE,149
GET,5
DELETE,147
GET,4
PUT,12
DELETE,150
PUT,15
GET,7
PUT,11
DELETE,138
DELETE,147
DELETE,137
PUT,15
PUT,21
PUT,13
GET,4
GET,8
DELETE,156
GET,7
PUT,24
DELETE,144
PUT,15
DELETE,148
GET,4
DELETE,146
GET,5
PUT,22
DELETE,153
PUT,21
GET,4
GET,8
PUT,12
GET,8
DELETE,138
DELETE,139
PUT,19
GET,5
GET,31
GET,7
GET,11
GET,5
GET,4
DELETE,157
PUT,14
DELETE,149
DELETE,151
GET,4
PUT,13
DELETE,157
PUT,12
GET,7
PUT,14
GET,4
DELETE,157
GET,7
DELETE,147
DELETE,141
GET,4
PUT,11
DELETE,142
DELETE,151
PUT,12
PUT,33
GET,6
PUT,12
GET,4
GET,5
PUT,12
PUT,12
GET,7
DELETE,223
GET,5
PUT,21
DELETE,147
PUT,12
PUT,16
PUT,16
PUT,22
GET,6
GET,4
DELETE,137
DELETE,148
DELETE,135
PUT,13
DELETE,138
DELETE,142
PUT,13
GET,6
PUT,10
PUT,21
DELETE,143
PUT,12
DELETE,162
DELETE,154
PUT,11
PUT,14
DELETE,138
GET,7
GET,4
DELETE,159
PUT,11
PUT,14
DELETE,154
GET,4
DELETE,167
GET,7
DELETE,146
PUT,11
GET,6
PUT,12
DELETE,148
PUT,23
GET,6
DELETE,165
GET,9
PUT,9
PUT,17
PUT,44
GET,8
DELETE,165
PUT,12
PUT,24
PUT,21
GET,7
DELETE,170
DELETE,153
PUT,11
GET,8
PUT,16
GET,7
GET,7
GET,8
DELETE,177
GET,8
GET,8
GET,6
DELETE,155
PUT,14
DELETE,164
DELETE,156
PUT,11
PUT,13
PUT,22
DELETE,157
GET,4
DELETE,143
PUT,16
PUT,13
PUT,14
PUT,15
DELETE,161
DELETE,154
GET,6
GET,4
DELETE,163
DELETE,169
GET,8
GET,14
PUT,10
DELETE,158
DELETE,160
PUT,15
GET,8
GET,8
DELETE,166
DELETE,154
DELETE,144
PUT,10
DELETE,171
GET,7
DELETE,152
DELETE,144
PUT,18
DELETE,166
PUT,17
DELETE,180
GET,6
GET,7
DELETE,182
GET,7
GET,7
GET,8
GET,7
GET,9
GET,6
DELETE,151
DELETE,149
GET,7
GET,7
GET,7
GET,7
DELETE,153
PUT,14
GET,7
DELETE,168
PUT,15
DELETE,163
PUT,10
PUT,20
GET,7
GET,6
GET,8
PUT,15
GET,3
PUT,16
PUT,20
DELETE,160
PUT,16
GET,4
GET,8
PUT,12
DELETE,152
GET,10
PUT,15
GET,4
PUT,21
GET,8
DELETE,155
GET,9
DELETE,156
DELETE,155
DELETE,146
PUT,19
DELETE,148
GET,9
PUT,13
PUT,12
GET,8
GET,4
PUT,12
PUT,15
DELETE,148
DELETE,153
DELETE,196
PUT,16
PUT,18
GET,11
GET,5
GET,7
PUT,18
GET,4
PUT,14
GET,5
DELETE,151
PUT,12
DELETE,167
PUT,19
PUT,15
DELETE,173
PUT,21
DELETE,143
DELETE,142
GET,7
DELETE,159
GET,7
DELETE,144
DELETE,182
PUT,15
PUT,21
DELETE,161
PUT,22
GET,7
DELETE,175
GET,7
PUT,10
PUT,21
GET,7
DELETE,159
DELETE,159
PUT,16
PUT,14
PUT,14
PUT,17
PUT,21
DELETE,162
PUT,12
DELETE,172
GET,7
DELETE,172
GET,7
GET,7
PUT,22
DELETE,156
GET,7
PUT,21
PUT,13
GET,7
DELETE,178
PUT,14
PUT,14
PUT,15
PUT,13
DELETE,150
GET,7
PUT,20
PUT,13
PUT,14
GET,8
PUT,15
PUT,15
DELETE,163
PUT,21
DELETE,165
DELETE,162
PUT,16
GET,8
DELETE,169
PUT,18
PUT,15
GET,7
PUT,13
DELETE,142
DELETE,166
GET,6
DELETE,162
DELETE,160
DELETE,162
DELETE,160
DELETE,156
PUT,13
GET,4
GET,4
