DELETE,124
PUT,16
PUT,17
GET,35
DELETE,103
DELETE,106
PUT,10
GET,8
GET,4
GET,7
GET,4
GET,7
GET,7
GET,3
PUT,11
GET,4
PUT,21
PUT,11
GET,8
DELETE,113
GET,5
DELETE,110
DELETE,105
DELETE,100
PUT,15
PUT,17
PUT,9
PUT,10
PUT,12
PUT,9
PUT,11
DELETE,108
PUT,11
PUT,8
PUT,7
GET,7
PUT,14
GET,5
PUT,8
DELETE,149
PUT,8
PUT,9
PUT,9
DELETE,126
GET,5
GET,13
DELETE,112
PUT,13
PUT,12
GET,5
GET,3
GET,4
GET,4
PUT,11
GET,28
GET,3
GET,5
DELETE,133
GET,7
PUT,8
DELETE,103
GET,9
GET,7
DELETE,134
GET,7
DELETE,118
DELETE,132
PUT,14
GET,4
GET,8
GET,7
DELETE,126
GET,11
DELETE,110
GET,4
DELETE,103
GET,6
PUT,15
DELETE,118
GET,10
GET,4
DELETE,113
PUT,9
DELETE,111
DELETE,167
GET,5
GET,5
GET,4
DELETE,108
DELETE,106
DELETE,157
DELETE,112
DELETE,101
DELETE,102
DELETE,122
PUT,9
PUT,11
PUT,9
DELETE,108
DELETE,135
DELETE,106
DELETE,119
GET,4
DELETE,107
GET,7
GET,4
GET,3
GET,5
DELETE,111
PUT,8
GET,8
DELETE,117
DELETE,105
DELETE,119
GET,5
PUT,9
GET,4
GET,4
DELETE,112
DELETE,101
DELETE,107
DELETE,117
GET,4
GET,5
PUT,9
GET,5
DELETE,115
GET,6
GET,4
PUT,12
GET,4
GET,3
PUT,8
GET,4
PUT,11
PUT,7
DELETE,105
DELETE,110
GET,5
GET,5
GET,4
GET,7
GET,5
PUT,11
PUT,11
GET,10
DELETE,105
DELETE,109
GET,9
GET,6
GET,8
PUT,8
GET,4
DELETE,112
GET,4
PUT,9
DELETE,111
PUT,11
PUT,9
GET,5
PUT,31
PUT,12
GET,4
PUT,9
PUT,9
DELETE,113
PUT,9
DELETE,131
DELETE,107
GET,7
GET,9
PUT,8
GET,5
GET,4
DELETE,106
PUT,10
DELETE,108
DELETE,105
PUT,9
DELETE,115
DELETE,102
PUT,8
PUT,9
DELETE,122
GET,3
GET,5
GET,4
DELETE,110
PUT,15
DELETE,111
GET,4
GET,4
DELETE,122
GET,5
DELETE,107
GET,8
PUT,15
GET,7
PUT,13
DELETE,123
GET,7
DELETE,122
GET,7
PUT,10
GET,7
GET,8
GET,7
PUT,10
GET,5
DELETE,108
GET,8
PUT,11
DELETE,100
PUT,8
PUT,12
DELETE,111
GET,7
DELETE,133
DELETE,111
PUT,14
GET,4
PUT,12
DELETE,111
PUT,15
DELETE,112
GET,4
DELETE,121
GET,8
PUT,8
GET,4
GET,7
DELETE,117
PUT,12
DELETE,107
PUT,7
GET,4
DELETE,106
GET,7
PUT,11
GET,7
GET,7
GET,4
DELETE,101
PUT,10
PUT,12
DELETE,116
PUT,15
DELETE,104
DELETE,122
GET,7
PUT,12
PUT,15
GET,8
GET,4
PUT,20
PUT,12
PUT,15
GET,8
DELETE,111
DELETE,113
GET,5
DELETE,118
DELETE,116
GET,7
GET,7
DELETE,104
GET,7
PUT,13
GET,7
PUT,12
PUT,15
DELETE,106
PUT,15
GET,7
DELETE,105
PUT,9
PUT,15
DELETE,121
DELETE,101
PUT,17
DELETE,108
PUT,10
PUT,7
GET,7
DELETE,100
PUT,12
GET,7
GET,7
GET,7
PUT,11
DELETE,128
DELETE,103
PUT,11
DELETE,114
GET,8
GET,7
GET,8
DELETE,121
GET,5
PUT,15
GET,8
GET,10
GET,8
DELETE,135
PUT,16
DELETE,112
DELETE,118
GET,4
GET,8
DELETE,133
DELETE,130
GET,8
PUT,8
DELETE,102
DELETE,109
GET,5
DELETE,104
GET,9
DELETE,105
DELETE,116
DELETE,111
GET,5
PUT,8
GET,8
PUT,13
PUT,16
DELETE,115
GET,7
PUT,10
DELETE,103
GET,4
PUT,8
GET,5
