DELETE,139
DELETE,120
DELETE,119
DELETE,116
DELETE,121
PUT,111
PUT,109
PUT,112
PUT,110
PUT,110
DELETE,121
GET,115
PUT,111
GET,113
PUT,111
DELETE,120
DELETE,123
PUT,110
PUT,110
PUT,110
DELETE,122
DELETE,120
PUT,112
GET,112
GET,112
GET,113
GET,113
PUT,111
DELETE,121
GET,114
DELETE,122
GET,114
PUT,110
GET,112
PUT,109
PUT,110
DELETE,122
PUT,112
GET,114
PUT,111
GET,114
PUT,111
PUT,110
DELETE,117
GET,111
GET,112
PUT,108
PUT,109
DELETE,176
PUT,110
DELETE,121
GET,114
GET,115
DELETE,122
PUT,110
GET,113
PUT,109
GET,113
GET,112
GET,113
DELETE,116
DELETE,117
DELETE,118
PUT,110
GET,115
GET,115
GET,112
DELETE,119
PUT,111
DELETE,120
DELETE,120
DELETE,120
DELETE,119
PUT,109
GET,113
DELETE,121
DELETE,122
DELETE,121
PUT,111
DELETE,117
DELETE,158
GET,115
PUT,110
GET,114
PUT,110
PUT,109
PUT,110
DELETE,123
PUT,110
GET,112
GET,111
PUT,108
DELETE,122
GET,115
GET,115
DELETE,122
DELETE,118
DELETE,125
PUT,112
GET,114
PUT,110
PUT,111
GET,114
DELETE,119
PUT,110
PUT,109
PUT,109
PUT,111
PUT,111
DELETE,121
DELETE,118
PUT,111
PUT,109
GET,114
GET,113
GET,114
PUT,112
GET,113
PUT,109
GET,115
PUT,112
GET,111
GET,171
GET,112
PUT,110
GET,114
PUT,111
PUT,112
GET,155
PUT,110
PUT,110
PUT,109
GET,114
DELETE,120
GET,113
DELETE,119
GET,112
GET,113
DELETE,117
DELETE,117
GET,112
DELETE,116
DELETE,123
GET,113
GET,114
PUT,110
DELETE,125
PUT,111
PUT,111
DELETE,122
DELETE,118
DELETE,119
PUT,110
DELETE,122
PUT,110
GET,113
DELETE,120
DELETE,122
GET,114
PUT,110
GET,112
PUT,111
GET,111
PUT,110
GET,113
GET,111
PUT,109
GET,114
GET,113
GET,113
GET,114
PUT,109
DELETE,120
PUT,111
DELETE,121
GET,111
PUT,111
GET,114
DELETE,123
GET,113
DELETE,121
PUT,110
GET,114
DELETE,117
PUT,109
PUT,110
DELETE,118
GET,114
PUT,111
PUT,111
GET,114
DELETE,119
GET,114
GET,130
GET,114
PUT,112
DELETE,122
GET,113
GET,113
DELETE,118
GET,113
GET,112
GET,112
PUT,110
PUT,108
PUT,111
DELETE,120
DELETE,118
DELETE,121
DELETE,119
DELETE,124
PUT,109
PUT,110
GET,114
GET,113
GET,113
DELETE,122
PUT,111
PUT,111
GET,113
PUT,109
GET,112
GET,112
PUT,111
DELETE,121
GET,114
GET,114
GET,113
PUT,110
GET,115
PUT,111
DELETE,123
DELETE,117
PUT,110
PUT,140
GET,112
DELETE,117
PUT,110
DELETE,117
DELETE,117
DELETE,117
PUT,111
DELETE,120
GET,114
DELETE,117
PUT,111
DELETE,122
PUT,110
GET,114
PUT,111
PUT,113
PUT,110
PUT,110
PUT,109
GET,114
GET,222
GET,114
PUT,110
PUT,110
GET,114
GET,114
PUT,109
DELETE,119
DELETE,117
DELETE,225
PUT,163
GET,113
PUT,111
GET,114
GET,116
PUT,111
PUT,110
GET,112
DELETE,124
DELETE,117
GET,112
PUT,109
PUT,110
DELETE,117
DELETE,218
PUT,110
PUT,110
GET,114
PUT,112
DELETE,122
PUT,109
GET,114
DELETE,122
GET,113
PUT,109
GET,112
DELETE,117
PUT,110
DELETE,117
GET,113
PUT,112
GET,113
PUT,110
DELETE,119
DELETE,118
DELETE,124
PUT,112
DELETE,122
PUT,109
GET,115
PUT,111
GET,115
DELETE,121
GET,115
DELETE,118
GET,112
DELETE,190
GET,112
GET,113
DELETE,118
DELETE,116
PUT,109
GET,112
DELETE,120
GET,113
PUT,109
GET,112
PUT,110
GET,113
PUT,111
PUT,110
PUT,160
GET,116
PUT,110
PUT,111
PUT,110
DELETE,117
GET,114
DELETE,120
GET,113
PUT,111
GET,115
DELETE,118
GET,112
GET,112
PUT,112
PUT,110
GET,112
PUT,112
GET,114
PUT,112
GET,114
PUT,109
DELETE,123
PUT,112
DELETE,120
PUT,110
PUT,110
GET,113
PUT,111
PUT,108
GET,113
GET,115
GET,112
DELETE,122
DELETE,121
PUT,111
DELETE,118
DELETE,122
PUT,111
PUT,110
DELETE,120
DELETE,118
DELETE,117
PUT,110
PUT,109
DELETE,117
DELETE,117
PUT,111
PUT,111
PUT,110
PUT,111
PUT,112
GET,115
DELETE,122
DELETE,115
GET,113
PUT,110
GET,116
GET,112
GET,113
GET,144
PUT,109
DELETE,120
PUT,109
PUT,113
DELETE,119
DELETE,120
GET,112
GET,112
PUT,109
PUT,109
GET,113
GET,110
DELETE,120
GET,113
DELETE,124
DELETE,123
DELETE,120
DELETE,121
GET,114
DELETE,118
GET,114
PUT,111
PUT,110
PUT,108
PUT,110
PUT,109
GET,113
PUT,110
DELETE,120
PUT,111
PUT,109
PUT,111
PUT,109
DELETE,122
DELETE,120
DELETE,123
GET,113
DELETE,118
PUT,165
PUT,111
DELETE,124
DELETE,119
DELETE,116
GET,112
DELETE,121
DELETE,117
GET,113
PUT,111
GET,110
GET,111
GET,115
PUT,111
PUT,109
PUT,110
DELETE,151
PUT,111
DELETE,118
GET,115
GET,113
DELETE,121
GET,112
PUT,111
GET,112
DELETE,118
GET,111
GET,115
PUT,111
PUT,110
GET,114
PUT,112
DELETE,122
GET,113
GET,114
PUT,112
GET,115
PUT,111
GET,112
DELETE,118
PUT,111
PUT,133
DELETE,120
PUT,109
PUT,111
GET,113
GET,114
PUT,110
DELETE,119
PUT,110
GET,112
PUT,110
PUT,108
DELETE,123
PUT,110
PUT,107
GET,113
PUT,111
GET,124
DELETE,122
GET,113
DELETE,120
PUT,111
DELETE,120
PUT,123
PUT,111
DELETE,122
PUT,111
DELETE,122
DELETE,118
GET,112
DELETE,117
PUT,110
GET,112
DELETE,119
DELETE,121
DELETE,125
GET,114
PUT,114
PUT,111
DELETE,124
DELETE,123
PUT,109
PUT,163
GET,111
DELETE,118
GET,112
GET,113
PUT,109
DELETE,119
GET,112
GET,114
PUT,111
PUT,112
GET,114
GET,113
DELETE,123
DELETE,118
PUT,111
GET,114
PUT,112
DELETE,120
PUT,111
GET,113
PUT,111
DELETE,116
PUT,109
DELETE,117
GET,114
DELETE,123
DELETE,119
GET,113
DELETE,118
GET,112
DELETE,121
DELETE,120
GET,116
GET,113
PUT,111
PUT,107
PUT,107
PUT,111
GET,114
GET,114
DELETE,120
DELETE,117
PUT,110
PUT,109
GET,112
GET,112
PUT,110
DELETE,128
GET,124
DELETE,119
GET,113
GET,112
DELETE,124
PUT,112
DELETE,118
PUT,110
PUT,110
PUT,109
PUT,110
GET,114
DELETE,122
DELETE,118
DELETE,118
GET,113
PUT,110
DELETE,118
DELETE,123
DELETE,119
DELETE,121
DELETE,117
DELETE,119
PUT,110
DELETE,120
DELETE,195
PUT,111
GET,114
DELETE,115
GET,112
DELETE,118
DELETE,118
GET,111
GET,110
DELETE,116
PUT,110
DELETE,118
GET,111
DELETE,117
GET,113
GET,111
PUT,111
DELETE,118
PUT,109
DELETE,117
GET,113
PUT,107
GET,113
GET,112
DELETE,118
DELETE,118
PUT,111
GET,111
PUT,110
GET,112
DELETE,117
GET,111
DELETE,116
DELETE,117
GET,110
DELETE,113
DELETE,118
GET,112
GET,109
GET,111
PUT,110
PUT,110
PUT,109
DELETE,117
PUT,110
DELETE,119
GET,113
DELETE,116
PUT,113
PUT,107
GET,113
GET,112
DELETE,117
DELETE,120
PUT,110
GET,112
DELETE,115
PUT,109
GET,111
GET,112
DELETE,118
PUT,110
DELETE,115
PUT,109
PUT,110
GET,109
PUT,108
PUT,109
GET,115
DELETE,117
PUT,109
PUT,107
GET,113
DELETE,118
GET,109
PUT,110
GET,111
GET,149
GET,111
DELETE,115
PUT,109
GET,114
PUT,109
GET,111
DELETE,184
PUT,134
GET,112
PUT,110
DELETE,114
PUT,110
PUT,203
PUT,108
GET,110
GET,111
GET,112
GET,113
PUT,108
DELETE,118
PUT,108
PUT,110
PUT,108
GET,113
PUT,110
DELETE,120
DELETE,116
GET,114
DELETE,119
GET,112
GET,111
DELETE,116
DELETE,118
DELETE,118
PUT,109
DELETE,114
GET,111
GET,109
GET,109
DELETE,117
DELETE,115
DELETE,117
DELETE,119
DELETE,119
GET,110
PUT,111
PUT,110
PUT,109
GET,110
PUT,109
GET,112
GET,112
PUT,106
DELETE,117
PUT,112
GET,117
PUT,109
GET,112
DELETE,147
GET,113
PUT,109
PUT,110
DELETE,118
GET,110
DELETE,118
DELETE,117
DELETE,117
DELETE,117
GET,112
PUT,109
DELETE,117
PUT,110
PUT,112
PUT,109
DELETE,119
PUT,109
PUT,111
PUT,109
GET,111
DELETE,118
DELETE,115
PUT,107
DELETE,118
PUT,110
PUT,106
DELETE,115
DELETE,118
DELETE,117
PUT,110
GET,114
DELETE,115
DELETE,110
DELETE,118
PUT,106
DELETE,117
GET,112
PUT,109
PUT,109
PUT,110
DELETE,117
GET,112
DELETE,115
DELETE,116
DELETE,116
DELETE,116
GET,113
GET,114
GET,112
PUT,109
PUT,110
DELETE,118
GET,111
PUT,110
DELETE,118
DELETE,118
GET,112
PUT,111
GET,111
DELETE,118
GET,111
DELETE,117
DELETE,118
DELETE,119
DELETE,118
DELETE,117
GET,112
GET,111
DELETE,116
GET,112
PUT,110
PUT,108
GET,112
DELETE,122
PUT,110
PUT,110
DELETE,153
PUT,109
DELETE,151
DELETE,120
DELETE,114
DELETE,118
GET,111
PUT,106
DELETE,120
PUT,109
PUT,109
DELETE,117
DELETE,117
PUT,110
GET,110
GET,109
GET,204
DELETE,117
DELETE,121
DELETE,118
DELETE,118
DELETE,118
GET,112
GET,111
PUT,108
PUT,112
GET,113
DELETE,116
DELETE,123
GET,110
GET,113
PUT,112
GET,111
GET,114
GET,114
PUT,110
PUT,110
GET,111
PUT,111
PUT,109
PUT,110
DELETE,114
DELETE,114
DELETE,118
GET,120
DELETE,117
PUT,110
PUT,110
GET,113
GET,111
DELETE,119
DELETE,184
PUT,111
PUT,119
PUT,110
PUT,109
GET,112
GET,110
GET,113
DELETE,118
PUT,108
PUT,108
PUT,142
GET,113
DELETE,114
GET,111
PUT,106
GET,114
GET,111
DELETE,118
PUT,106
PUT,111
PUT,110
DELETE,119
PUT,111
PUT,109
GET,114
PUT,109
PUT,110
PUT,108
DELETE,116
PUT,110
DELETE,115
DELETE,118
GET,111
DELETE,116
DELETE,119
PUT,110
GET,114
GET,111
GET,114
PUT,110
GET,113
DELETE,117
DELETE,116
DELETE,115
PUT,105
DELETE,118
PUT,112
GET,113
PUT,109
PUT,111
DELETE,120
PUT,111
DELETE,114
DELETE,113
PUT,110
PUT,110
DELETE,117
GET,113
DELETE,117
GET,113
PUT,110
PUT,109
GET,112
PUT,109
PUT,109
DELETE,118
GET,110
PUT,110
GET,111
DELETE,119
PUT,112
GET,112
PUT,109
DELETE,118
GET,114
PUT,109
PUT,108
DELETE,117
DELETE,118
GET,114
DELETE,117
GET,114
PUT,111
GET,114
DELETE,120
GET,113
PUT,110
GET,112
PUT,110
DELETE,119
PUT,110
DELETE,116
PUT,109
DELETE,117
DELETE,115
PUT,109
DELETE,118
DELETE,120
GET,110
DELETE,110
PUT,110
PUT,109
PUT,111
PUT,107
GET,113
GET,113
GET,110
GET,114
PUT,109
DELETE,116
DELETE,117
GET,170
GET,111
GET,112
DELETE,116
PUT,186
GET,112
PUT,108
PUT,111
GET,112
DELETE,115
DELETE,139
DELETE,118
PUT,110
DELETE,117
GET,112
GET,112
GET,116
PUT,109
PUT,112
GET,111
GET,111
GET,113
PUT,109
GET,112
PUT,111
PUT,110
PUT,107
DELETE,116
GET,108
PUT,108
PUT,109
GET,159
GET,111
DELETE,121
PUT,109
PUT,151
GET,113
PUT,108
DELETE,114
GET,113
GET,110
GET,114
GET,129
GET,112
DELETE,125
DELETE,122
PUT,120
PUT,108
DELETE,119
PUT,108
PUT,109
GET,111
PUT,109
PUT,185
GET,112
DELETE,119
GET,112
PUT,110
PUT,112
GET,111
DELETE,120
GET,112
GET,110
DELETE,118
DELETE,119
PUT,109
GET,114
PUT,111
GET,110
DELETE,119
GET,146
DELETE,119
DELETE,119
GET,113
DELETE,120
PUT,109
GET,111
DELETE,186
GET,111
DELETE,120
DELETE,119
GET,111
PUT,111
PUT,110
PUT,110
GET,111
DELETE,119
DELETE,119
PUT,121
PUT,110
PUT,120
PUT,109
PUT,108
PUT,123
PUT,110
PUT,108
PUT,129
PUT,107
PUT,122
PUT,124
PUT,109
PUT,111
PUT,117
PUT,109
PUT,125
PUT,109
PUT,111
PUT,113
PUT,123
PUT,131
PUT,116
PUT,112
PUT,132
PUT,113
PUT,129
PUT,112
PUT,112
PUT,111
PUT,113
PUT,112
PUT,110
PUT,111
PUT,113
PUT,112
PUT,110
PUT,111
PUT,113
PUT,112
PUT,112
PUT,110
PUT,109
PUT,111
PUT,113
PUT,112
PUT,111
PUT,112
PUT,189
PUT,111
PUT,114
PUT,111
PUT,148
PUT,112
PUT,116
PUT,116
PUT,112
PUT,113
PUT,111
PUT,113
PUT,113
PUT,112
PUT,112
PUT,111
PUT,111
PUT,112
PUT,116
PUT,144
PUT,114
PUT,112
PUT,115
DELETE,125
GET,111
DELETE,121
DELETE,119
PUT,112
DELETE,118
GET,110
GET,111
PUT,115
GET,112
PUT,113
GET,112
DELETE,119
GET,112
PUT,112
PUT,115
GET,110
DELETE,119
GET,110
GET,112
PUT,112
DELETE,186
GET,110
DELETE,119
DELETE,117
GET,108
GET,112
PUT,119
GET,112
PUT,113
GET,112
DELETE,120
DELETE,119
DELETE,119
GET,112
GET,112
DELETE,120
GET,112
PUT,112
DELETE,125
DELETE,119
DELETE,120
PUT,116
DELETE,119
PUT,113
PUT,109
DELETE,116
DELETE,118
GET,112
GET,110
PUT,111
PUT,113
DELETE,119
PUT,116
PUT,114
PUT,112
PUT,110
PUT,110
DELETE,153
PUT,113
PUT,109
GET,113
PUT,114
PUT,114
GET,109
DELETE,117
GET,113
DELETE,118
PUT,111
DELETE,120
DELETE,117
PUT,112
PUT,110
PUT,112
GET,112
GET,112
DELETE,122
PUT,111
GET,111
DELETE,121
PUT,112
GET,112
GET,113
PUT,112
PUT,111
GET,112
PUT,111
DELETE,117
DELETE,119
DELETE,119
DELETE,120
GET,114
PUT,113
PUT,113
GET,112
GET,113
DELETE,121
GET,110
GET,112
PUT,113
DELETE,119
PUT,111
GET,111
DELETE,121
GET,110
PUT,157
PUT,112
GET,113
PUT,112
GET,128
GET,131
GET,110
DELETE,120
PUT,112
DELETE,117
DELETE,174
GET,132
GET,130
PUT,112
PUT,112
PUT,112
GET,112
DELETE,116
GET,113
PUT,110
DELETE,118
PUT,112
GET,109
GET,110
PUT,114
GET,113
DELETE,122
DELETE,119
PUT,113
GET,114
PUT,113
DELETE,121
DELETE,120
DELETE,118
GET,111
DELETE,116
PUT,111
GET,112
GET,114
DELETE,120
GET,112
PUT,111
PUT,158
DELETE,120
PUT,112
PUT,113
DELETE,119
DELETE,123
DELETE,118
PUT,112
DELETE,118
DELETE,117
DELETE,119
GET,112
PUT,113
PUT,114
DELETE,117
DELETE,119
GET,112
PUT,111
PUT,112
PUT,112
GET,112
PUT,112
DELETE,117
DELETE,119
PUT,114
DELETE,120
DELETE,125
GET,109
PUT,111
DELETE,116
PUT,113
PUT,112
DELETE,124
DELETE,120
PUT,113
GET,112
PUT,112
GET,112
PUT,110
PUT,111
PUT,112
GET,111
DELETE,119
PUT,111
DELETE,120
GET,112
DELETE,119
GET,112
GET,111
DELETE,120
GET,111
DELETE,116
GET,113
GET,113
PUT,113
DELETE,118
GET,112
GET,154
DELETE,120
GET,110
DELETE,119
PUT,112
GET,112
PUT,110
GET,111
DELETE,115
DELETE,118
PUT,112
DELETE,119
PUT,112
PUT,112
GET,112
GET,110
GET,112
DELETE,120
PUT,113
PUT,113
PUT,110
PUT,108
GET,111
GET,110
PUT,113
GET,111
DELETE,118
DELETE,116
GET,112
PUT,112
GET,112
PUT,111
GET,108
GET,108
DELETE,119
PUT,112
GET,110
PUT,110
DELETE,189
PUT,113
DELETE,127
GET,112
GET,109
PUT,112
GET,112
GET,110
DELETE,116
GET,112
DELETE,120
GET,111
GET,109
PUT,110
PUT,112
GET,111
GET,111
PUT,112
GET,109
PUT,112
PUT,114
GET,110
DELETE,120
GET,109
GET,112
PUT,113
DELETE,117
PUT,110
GET,110
DELETE,118
PUT,110
GET,110
PUT,109
DELETE,117
PUT,108
GET,112
DELETE,115
PUT,110
DELETE,117
GET,110
DELETE,115
DELETE,112
PUT,118
PUT,111
GET,116
GET,111
PUT,113
PUT,111
GET,110
GET,111
GET,111
DELETE,110
GET,112
DELETE,108
PUT,194
DELETE,112
DELETE,109
PUT,111
DELETE,110
PUT,113
DELETE,112
GET,113
GET,109
DELETE,111
PUT,110
GET,113
DELETE,110
DELETE,111
GET,109
GET,109
DELETE,110
GET,109
PUT,112
DELETE,110
GET,109
DELETE,112
PUT,110
GET,110
PUT,113
GET,112
GET,108
DELETE,112
PUT,111
GET,111
GET,113
GET,113
DELETE,110
PUT,113
GET,109
DELETE,111
DELETE,109
DELETE,109
PUT,111
GET,107
DELETE,113
GET,113
PUT,112
GET,111
GET,110
DELETE,109
GET,110
GET,109
GET,107
GET,108
PUT,110
PUT,111
DELETE,115
PUT,112
PUT,110
PUT,112
PUT,107
PUT,111
PUT,137
DELETE,111
DELETE,110
PUT,111
PUT,111
PUT,111
DELETE,111
DELETE,110
PUT,111
GET,112
PUT,111
DELETE,108
DELETE,111
DELETE,109
PUT,113
DELETE,110
PUT,109
DELETE,112
DELETE,110
PUT,112
GET,112
GET,112
PUT,111
GET,111
PUT,112
GET,108
PUT,140
PUT,109
PUT,112
GET,110
GET,108
DELETE,110
GET,110
PUT,112
GET,112
DELETE,111
DELETE,109
DELETE,110
DELETE,110
DELETE,113
DELETE,112
DELETE,114
GET,110
PUT,110
DELETE,110
DELETE,109
PUT,111
GET,109
DELETE,112
PUT,113
PUT,111
DELETE,107
PUT,109
DELETE,108
PUT,113
GET,111
GET,112
GET,111
DELETE,108
GET,112
GET,110
GET,112
PUT,115
DELETE,111
PUT,111
PUT,113
PUT,173
GET,108
GET,110
DELETE,111
DELETE,111
PUT,110
DELETE,112
DELETE,108
PUT,111
DELETE,114
PUT,112
GET,108
DELETE,112
GET,175
GET,111
GET,112
GET,119
GET,112
PUT,115
GET,112
DELETE,111
DELETE,110
PUT,113
PUT,109
GET,114
GET,111
PUT,111
GET,107
GET,111
PUT,110
DELETE,111
GET,109
GET,119
GET,111
GET,113
GET,111
DELETE,111
GET,112
PUT,112
DELETE,111
DELETE,110
PUT,111
PUT,112
GET,114
DELETE,111
GET,112
DELETE,110
PUT,112
PUT,111
DELETE,110
PUT,111
DELETE,110
PUT,166
GET,111
PUT,111
DELETE,110
PUT,111
GET,111
DELETE,110
PUT,112
DELETE,111
PUT,112
GET,112
PUT,111
GET,112
PUT,111
PUT,113
PUT,112
PUT,111
GET,110
DELETE,111
GET,113
GET,111
PUT,111
DELETE,112
DELETE,111
PUT,114
DELETE,110
DELETE,110
GET,112
DELETE,111
DELETE,110
DELETE,112
DELETE,151
DELETE,110
PUT,112
DELETE,111
GET,111
GET,111
DELETE,111
GET,112
PUT,112
GET,111
GET,112
GET,402
DELETE,111
GET,112
DELETE,112
DELETE,111
DELETE,111
PUT,109
PUT,112
PUT,114
DELETE,111
DELETE,111
DELETE,112
DELETE,111
PUT,112
DELETE,110
GET,111
DELETE,112
DELETE,110
PUT,111
GET,112
DELETE,113
DELETE,113
DELETE,111
DELETE,113
GET,112
GET,112
PUT,113
DELETE,112
GET,112
DELETE,111
GET,113
GET,112
PUT,112
GET,111
GET,111
DELETE,112
GET,112
PUT,184
GET,127
GET,112
GET,112
GET,110
PUT,120
PUT,112
PUT,111
DELETE,111
GET,112
PUT,113
PUT,1052
PUT,130
PUT,111
GET,121
GET,114
GET,112
DELETE,111
PUT,1043
GET,2587
DELETE,109
GET,113
GET,111
PUT,112
PUT,111
DELETE,109
PUT,220
PUT,192
GET,187
GET,190
DELETE,198
GET,190
GET,184
GET,191
DELETE,192
PUT,191
GET,188
PUT,188
DELETE,196
PUT,191
PUT,196
GET,180
DELETE,193
DELETE,191
PUT,190
DELETE,190
PUT,191
GET,186
GET,189
DELETE,198
DELETE,198
GET,188
GET,223
DELETE,195
PUT,183
GET,192
GET,189
GET,187
PUT,191
GET,191
GET,190
PUT,185
PUT,189
GET,184
DELETE,195
GET,191
PUT,188
PUT,192
PUT,189
PUT,194
GET,185
PUT,185
DELETE,200
PUT,195
PUT,191
PUT,188
GET,189
GET,191
PUT,201
PUT,192
PUT,194
PUT,188
DELETE,208
GET,187
DELETE,202
PUT,191
DELETE,192
PUT,188
DELETE,198
GET,204
PUT,196
PUT,193
GET,192
PUT,192
PUT,193
DELETE,197
GET,191
PUT,187
DELETE,201
DELETE,197
PUT,189
GET,187
DELETE,197
GET,185
GET,185
GET,193
GET,193
PUT,193
GET,188
PUT,191
PUT,191
PUT,195
PUT,194
DELETE,202
GET,186
DELETE,191
GET,184
GET,188
DELETE,194
PUT,190
DELETE,198
PUT,189
GET,199
GET,268
DELETE,197
GET,248
DELETE,191
PUT,196
PUT,191
PUT,193
DELETE,188
DELETE,197
GET,185
GET,186
GET,193
DELETE,193
GET,188
DELETE,196
GET,197
GET,192
GET,185
PUT,188
PUT,186
PUT,194
DELETE,204
PUT,198
PUT,191
DELETE,198
GET,189
GET,184
DELETE,194
PUT,191
PUT,197
GET,186
GET,192
DELETE,242
PUT,190
PUT,191
PUT,192
DELETE,198
PUT,191
DELETE,196
DELETE,198
GET,186
PUT,193
PUT,188
PUT,198
DELETE,193
GET,208
PUT,195
DELETE,193
DELETE,197
DELETE,199
DELETE,190
DELETE,199
DELETE,193
GET,285
PUT,192
PUT,190
PUT,192
PUT,197
GET,191
GET,186
PUT,189
DELETE,192
GET,192
GET,190
PUT,191
GET,189
PUT,195
DELETE,201
GET,190
GET,183
PUT,188
DELETE,200
GET,199
DELETE,198
GET,191
PUT,190
PUT,190
PUT,189
GET,190
DELETE,199
DELETE,196
PUT,191
GET,192
PUT,189
GET,184
PUT,196
GET,187
DELETE,193
DELETE,197
PUT,192
PUT,264
PUT,195
DELETE,195
GET,296
DELETE,203
GET,192
PUT,186
PUT,187
GET,186
PUT,184
PUT,189
PUT,189
PUT,191
PUT,191
GET,190
GET,190
PUT,187
DELETE,195
DELETE,195
GET,189
DELETE,192
PUT,192
PUT,192
GET,194
PUT,194
PUT,189
DELETE,198
PUT,196
DELETE,200
PUT,196
PUT,190
PUT,191
PUT,192
PUT,187
PUT,188
PUT,187
PUT,195
PUT,194
GET,189
DELETE,192
GET,185
GET,191
PUT,197
GET,194
PUT,190
PUT,190
PUT,191
PUT,192
DELETE,195
DELETE,197
DELETE,200
PUT,193
GET,194
PUT,186
GET,184
DELETE,196
GET,185
PUT,202
DELETE,191
DELETE,199
DELETE,199
PUT,198
GET,191
GET,193
PUT,190
PUT,189
PUT,185
PUT,186
DELETE,198
GET,190
DELETE,192
DELETE,198
PUT,189
GET,189
PUT,192
DELETE,199
PUT,191
PUT,190
DELETE,201
GET,190
PUT,190
GET,193
DELETE,201
DELETE,199
PUT,188
DELETE,193
PUT,190
DELETE,197
DELETE,196
GET,186
DELETE,192
PUT,190
GET,192
PUT,186
PUT,192
DELETE,199
GET,189
GET,190
GET,191
PUT,192
PUT,191
PUT,300
GET,211
PUT,187
PUT,193
DELETE,192
PUT,192
DELETE,197
PUT,190
GET,190
PUT,185
GET,186
GET,192
GET,189
PUT,189
PUT,193
DELETE,195
GET,192
GET,190
GET,186
DELETE,193
GET,190
PUT,188
DELETE,197
GET,183
PUT,197
GET,186
DELETE,196
DELETE,200
GET,198
GET,186
PUT,190
PUT,193
PUT,185
GET,185
DELETE,194
GET,191
DELETE,275
GET,183
PUT,186
PUT,189
DELETE,196
PUT,188
PUT,193
DELETE,199
GET,189
GET,189
PUT,192
PUT,195
GET,189
GET,189
GET,191
GET,181
GET,192
DELETE,199
PUT,192
GET,184
GET,194
DELETE,199
DELETE,190
GET,191
DELETE,198
GET,194
DELETE,190
GET,181
DELETE,198
PUT,191
GET,190
GET,289
PUT,192
PUT,192
DELETE,197
GET,183
PUT,191
GET,192
GET,190
GET,195
GET,225
DELETE,190
GET,191
DELETE,199
PUT,190
PUT,184
PUT,193
DELETE,193
GET,189
GET,191
GET,186
PUT,189
DELETE,197
PUT,191
DELETE,196
PUT,190
DELETE,203
PUT,191
GET,189
PUT,192
DELETE,195
PUT,191
DELETE,201
DELETE,197
GET,184
GET,183
DELETE,197
GET,193
GET,190
GET,184
PUT,189
GET,191
DELETE,198
DELETE,198
PUT,189
PUT,189
DELETE,206
GET,299
GET,184
GET,220
PUT,190
DELETE,193
DELETE,201
PUT,192
DELETE,198
GET,192
DELETE,200
PUT,196
PUT,196
DELETE,198
DELETE,194
PUT,187
DELETE,197
GET,195
DELETE,189
GET,184
PUT,189
GET,194
DELETE,251
GET,188
GET,186
PUT,192
GET,185
PUT,186
DELETE,192
DELETE,197
PUT,190
DELETE,199
DELETE,195
PUT,193
PUT,187
PUT,189
GET,194
PUT,184
DELETE,198
GET,190
GET,192
DELETE,191
PUT,195
PUT,193
GET,191
PUT,193
GET,191
GET,182
DELETE,191
PUT,195
PUT,189
GET,185
PUT,190
GET,194
PUT,192
GET,181
GET,192
PUT,188
GET,187
PUT,186
PUT,190
GET,192
GET,191
PUT,193
PUT,196
DELETE,197
GET,181
DELETE,190
DELETE,198
DELETE,198
PUT,190
GET,191
PUT,194
DELETE,194
DELETE,190
GET,185
DELETE,197
PUT,193
DELETE,201
GET,189
GET,192
PUT,192
DELETE,201
GET,193
DELETE,198
PUT,293
DELETE,195
PUT,188
GET,189
GET,192
DELETE,196
PUT,193
DELETE,203
DELETE,195
GET,197
PUT,198
DELETE,226
GET,187
PUT,213
DELETE,194
PUT,195
DELETE,189
PUT,190
PUT,191
GET,192
PUT,190
PUT,189
DELETE,192
GET,192
PUT,209
DELETE,199
PUT,187
PUT,188
GET,194
DELETE,200
PUT,191
PUT,191
DELETE,201
PUT,190
DELETE,200
PUT,193
PUT,191
GET,188
DELETE,203
DELETE,301
GET,192
PUT,191
PUT,205
PUT,188
PUT,187
PUT,190
GET,185
DELETE,190
GET,188
DELETE,193
PUT,281
DELETE,200
PUT,248
GET,208
PUT,194
DELETE,196
PUT,188
GET,189
DELETE,194
PUT,197
DELETE,192
DELETE,196
PUT,187
PUT,189
DELETE,240
DELETE,192
DELETE,195
DELETE,201
PUT,189
DELETE,199
DELETE,189
PUT,192
DELETE,207
PUT,185
GET,251
GET,273
GET,195
PUT,189
GET,198
PUT,185
GET,189
DELETE,202
GET,187
PUT,189
GET,190
PUT,185
DELETE,199
GET,192
DELETE,196
DELETE,202
PUT,188
GET,191
GET,194
GET,193
DELETE,204
GET,197
DELETE,199
GET,194
PUT,187
DELETE,197
PUT,186
DELETE,192
PUT,189
DELETE,222
PUT,194
PUT,191
PUT,187
GET,191
DELETE,208
GET,185
GET,190
GET,193
DELETE,206
GET,192
PUT,204
DELETE,192
PUT,190
PUT,192
GET,184
GET,195
DELETE,194
DELETE,188
DELETE,199
PUT,188
DELETE,188
GET,191
DELETE,195
GET,184
DELETE,200
DELETE,221
GET,186
PUT,187
PUT,191
PUT,192
GET,188
GET,186
GET,228
GET,193
GET,185
PUT,188
PUT,187
PUT,186
DELETE,199
GET,186
PUT,194
GET,186
PUT,192
DELETE,197
GET,190
GET,188
GET,188
DELETE,198
DELETE,195
DELETE,193
PUT,192
PUT,189
DELETE,201
DELETE,191
PUT,189
GET,190
PUT,192
GET,196
DELETE,214
PUT,197
PUT,251
GET,186
PUT,254
DELETE,192
GET,187
GET,190
PUT,189
PUT,189
DELETE,196
DELETE,191
PUT,188
DELETE,192
DELETE,193
GET,190
GET,185
DELETE,190
GET,192
GET,189
PUT,190
DELETE,198
DELETE,193
PUT,189
GET,183
DELETE,197
PUT,187
DELETE,189
PUT,191
GET,195
PUT,189
PUT,189
PUT,187
DELETE,268
GET,269
DELETE,195
DELETE,194
DELETE,194
GET,190
PUT,184
PUT,212
DELETE,189
PUT,192
DELETE,193
PUT,202
DELETE,192
GET,190
DELETE,199
PUT,247
DELETE,197
PUT,193
PUT,192
PUT,189
PUT,193
GET,190
DELETE,194
GET,212
DELETE,191
PUT,188
GET,189
DELETE,220
GET,192
GET,191
DELETE,204
DELETE,191
DELETE,196
GET,184
GET,191
GET,187
DELETE,201
DELETE,197
GET,185
DELETE,197
DELETE,198
PUT,194
PUT,196
PUT,186
DELETE,197
PUT,190
PUT,193
DELETE,197
GET,188
DELETE,279
DELETE,197
PUT,192
GET,185
GET,194
PUT,274
DELETE,197
PUT,191
DELETE,191
DELETE,196
GET,188
GET,187
DELETE,197
DELETE,190
GET,189
DELETE,198
PUT,184
DELETE,196
GET,183
PUT,189
DELETE,199
DELETE,199
PUT,190
DELETE,194
DELETE,196
GET,201
PUT,190
GET,184
GET,190
GET,190
DELETE,199
PUT,189
GET,282
GET,194
GET,186
PUT,191
GET,185
DELETE,198
DELETE,193
GET,193
DELETE,192
PUT,189
DELETE,190
PUT,190
PUT,191
GET,187
PUT,191
PUT,189
PUT,193
PUT,189
DELETE,199
GET,186
DELETE,200
PUT,192
GET,183
GET,186
DELETE,199
GET,191
GET,189
DELETE,201
PUT,193
PUT,193
PUT,187
PUT,200
DELETE,190
PUT,188
PUT,192
GET,190
DELETE,191
PUT,196
GET,191
GET,188
DELETE,196
PUT,185
PUT,190
PUT,187
GET,186
GET,192
GET,186
PUT,190
PUT,191
GET,189
GET,190
PUT,186
GET,192
PUT,185
GET,190
DELETE,197
PUT,193
DELETE,193
GET,179
DELETE,197
GET,190
PUT,189
DELETE,196
PUT,190
DELETE,191
GET,188
PUT,196
GET,192
PUT,186
GET,189
DELETE,194
GET,184
GET,192
DELETE,203
PUT,195
DELETE,202
GET,183
DELETE,195
PUT,189
GET,187
GET,193
DELETE,195
GET,184
DELETE,195
PUT,192
GET,192
GET,193
DELETE,198
DELETE,202
GET,186
DELETE,197
PUT,192
PUT,190
GET,195
GET,191
DELETE,195
PUT,189
GET,191
PUT,192
PUT,191
GET,193
PUT,189
PUT,189
DELETE,198
GET,190
GET,195
PUT,188
GET,186
GET,192
DELETE,198
GET,190
DELETE,191
PUT,189
PUT,189
PUT,198
DELETE,205
DELETE,193
GET,192
GET,180
GET,191
GET,185
PUT,190
GET,188
GET,189
GET,187
DELETE,205
DELETE,195
DELETE,194
GET,183
PUT,184
GET,188
DELETE,193
GET,190
DELETE,199
DELETE,192
PUT,193
PUT,193
GET,184
DELETE,198
GET,192
DELETE,199
DELETE,197
PUT,192
GET,233
DELETE,194
DELETE,193
GET,184
PUT,192
PUT,185
GET,186
PUT,185
DELETE,195
DELETE,190
GET,186
PUT,190
GET,187
DELETE,193
PUT,189
PUT,190
PUT,194
GET,189
GET,193
DELETE,191
DELETE,191
DELETE,200
GET,192
GET,189
PUT,191
DELETE,199
PUT,191
GET,197
GET,185
PUT,193
DELETE,197
DELETE,197
DELETE,208
GET,193
PUT,192
GET,187
DELETE,193
PUT,194
GET,190
GET,190
GET,188
DELETE,191
DELETE,195
GET,181
GET,186
GET,185
PUT,191
DELETE,202
GET,190
GET,196
PUT,192
GET,184
PUT,192
GET,188
PUT,188
DELETE,192
GET,189
DELETE,199
GET,196
DELETE,197
GET,184
DELETE,205
PUT,186
DELETE,192
PUT,190
GET,190
DELETE,197
GET,191
DELETE,201
DELETE,197
DELETE,195
PUT,189
PUT,186
GET,191
DELETE,194
PUT,191
PUT,187
PUT,193
DELETE,194
DELETE,195
GET,194
GET,188
PUT,201
DELETE,189
PUT,190
DELETE,193
GET,199
DELETE,193
DELETE,227
PUT,190
GET,182
GET,191
DELETE,197
GET,198
GET,191
GET,189
GET,190
GET,196
PUT,190
PUT,193
DELETE,198
PUT,192
GET,196
DELETE,197
GET,193
PUT,185
PUT,189
GET,188
DELETE,190
GET,184
GET,192
GET,190
GET,190
PUT,192
DELETE,203
DELETE,194
PUT,193
PUT,197
DELETE,195
PUT,194
GET,191
GET,186
GET,185
DELETE,202
DELETE,200
PUT,191
GET,187
PUT,190
PUT,190
PUT,190
GET,200
DELETE,201
GET,186
DELETE,194
DELETE,199
DELETE,197
GET,186
DELETE,189
DELETE,189
GET,190
GET,188
GET,182
DELETE,196
PUT,186
DELETE,202
GET,185
PUT,186
DELETE,205
PUT,191
GET,189
PUT,189
DELETE,199
DELETE,200
DELETE,197
GET,189
PUT,193
GET,183
DELETE,195
DELETE,190
DELETE,201
DELETE,194
GET,192
GET,188
PUT,190
GET,187
PUT,195
PUT,187
DELETE,198
DELETE,199
DELETE,196
PUT,190
PUT,195
DELETE,194
DELETE,199
DELETE,196
GET,191
PUT,189
PUT,190
PUT,191
GET,192
DELETE,196
DELETE,199
PUT,192
DELETE,275
GET,195
DELETE,201
GET,192
PUT,196
PUT,189
PUT,185
DELETE,195
PUT,201
PUT,189
PUT,191
DELETE,192
PUT,196
DELETE,197
PUT,190
PUT,186
DELETE,192
DELETE,197
PUT,192
DELETE,201
DELETE,193
GET,186
GET,189
PUT,188
DELETE,196
GET,189
GET,184
GET,186
GET,182
DELETE,199
PUT,184
GET,194
PUT,194
DELETE,200
GET,189
PUT,188
PUT,188
GET,182
PUT,190
PUT,194
PUT,204
GET,190
GET,184
GET,192
DELETE,202
GET,188
DELETE,196
PUT,198
PUT,190
GET,187
PUT,190
DELETE,196
DELETE,203
GET,192
PUT,193
PUT,198
PUT,194
PUT,192
DELETE,202
GET,196
GET,185
PUT,201
DELETE,195
GET,192
PUT,192
GET,186
PUT,188
PUT,193
PUT,192
DELETE,198
GET,189
DELETE,215
GET,190
PUT,201
GET,190
DELETE,196
GET,190
DELETE,197
PUT,187
GET,182
PUT,191
PUT,192
DELETE,196
PUT,193
DELETE,198
PUT,189
GET,183
DELETE,199
GET,192
GET,190
GET,189
PUT,188
DELETE,192
PUT,185
PUT,190
GET,189
GET,189
DELETE,194
GET,189
PUT,186
PUT,185
PUT,191
GET,192
GET,186
PUT,192
PUT,191
PUT,185
PUT,200
PUT,200
PUT,189
GET,187
DELETE,196
GET,188
PUT,194
GET,188
PUT,189
PUT,186
DELETE,199
GET,216
PUT,249
DELETE,198
DELETE,192
GET,194
GET,189
DELETE,198
PUT,194
GET,191
DELETE,195
DELETE,196
PUT,193
PUT,188
GET,188
PUT,196
PUT,191
DELETE,197
PUT,188
DELETE,189
GET,183
DELETE,193
GET,183
GET,189
PUT,190
DELETE,205
PUT,194
GET,191
DELETE,195
PUT,190
DELETE,190
PUT,195
DELETE,196
PUT,191
GET,184
PUT,195
PUT,190
PUT,185
PUT,191
GET,187
PUT,194
DELETE,192
GET,190
GET,189
PUT,188
GET,192
DELETE,199
GET,189
PUT,195
DELETE,203
GET,190
PUT,189
PUT,191
DELETE,193
DELETE,187
GET,191
PUT,190
GET,192
PUT,190
GET,190
DELETE,195
PUT,184
PUT,187
DELETE,196
PUT,194
PUT,189
GET,189
GET,187
GET,191
GET,185
DELETE,194
DELETE,305
DELETE,200
DELETE,196
DELETE,197
PUT,190
GET,188
PUT,185
DELETE,199
GET,183
DELETE,200
PUT,191
DELETE,195
GET,191
GET,191
DELETE,190
PUT,190
GET,188
GET,186
GET,189
DELETE,200
DELETE,203
GET,192
GET,186
PUT,187
PUT,193
GET,191
DELETE,199
PUT,192
DELETE,191
PUT,191
DELETE,205
PUT,190
GET,190
GET,187
DELETE,197
GET,187
PUT,188
GET,188
GET,197
GET,191
PUT,193
GET,192
PUT,194
GET,187
DELETE,199
DELETE,189
PUT,189
GET,188
DELETE,198
PUT,189
DELETE,196
GET,189
DELETE,197
DELETE,198
DELETE,196
PUT,185
DELETE,194
DELETE,195
GET,182
GET,185
PUT,192
PUT,190
PUT,191
DELETE,199
DELETE,191
GET,188
GET,182
DELETE,194
PUT,190
PUT,192
DELETE,202
GET,186
DELETE,191
GET,191
DELETE,194
PUT,184
PUT,194
DELETE,202
PUT,190
PUT,196
GET,192
PUT,190
GET,192
GET,188
GET,193
DELETE,199
DELETE,195
DELETE,192
GET,189
GET,187
DELETE,195
PUT,187
GET,183
GET,191
DELETE,198
PUT,191
PUT,188
DELETE,216
GET,190
GET,189
PUT,194
DELETE,199
GET,185
PUT,190
PUT,196
DELETE,192
PUT,194
GET,186
PUT,191
GET,188
PUT,194
GET,182
PUT,200
GET,187
GET,184
PUT,195
DELETE,192
PUT,188
GET,181
PUT,183
DELETE,190
GET,184
GET,190
GET,192
PUT,190
GET,186
DELETE,203
GET,181
GET,190
GET,191
PUT,190
GET,272
PUT,193
DELETE,192
GET,213
DELETE,198
GET,188
GET,187
PUT,191
DELETE,196
DELETE,195
GET,188
DELETE,196
GET,188
DELETE,197
GET,192
PUT,189
GET,194
GET,187
GET,192
DELETE,191
PUT,192
DELETE,200
PUT,191
PUT,193
GET,188
GET,188
PUT,192
GET,184
PUT,200
GET,184
DELETE,196
DELETE,191
DELETE,193
PUT,188
PUT,192
PUT,186
PUT,195
PUT,184
DELETE,194
PUT,194
DELETE,196
PUT,192
GET,183
DELETE,192
GET,189
PUT,190
PUT,189
GET,185
DELETE,197
PUT,191
DELETE,199
GET,189
PUT,192
DELETE,195
PUT,190
PUT,190
PUT,190
GET,190
DELETE,198
DELETE,198
GET,191
DELETE,200
PUT,193
DELETE,195
DELETE,197
GET,189
GET,187
PUT,295
PUT,191
PUT,187
GET,192
DELETE,190
GET,196
PUT,192
DELETE,203
GET,190
DELETE,191
GET,180
PUT,182
GET,194
PUT,186
DELETE,197
DELETE,198
DELETE,195
PUT,192
PUT,191
PUT,193
GET,192
PUT,196
DELETE,190
PUT,190
GET,188
PUT,196
PUT,192
DELETE,195
DELETE,198
GET,189
PUT,192
DELETE,198
PUT,187
DELETE,199
DELETE,199
GET,184
