PUT,124
GET,120
GET,149
PUT,2140
DELETE,154
DELETE,125
DELETE,123
PUT,114
DELETE,121
PUT,123
PUT,110
PUT,127
PUT,111
PUT,111
PUT,107
PUT,109
GET,127
DELETE,123
DELETE,118
DELETE,120
GET,112
PUT,109
GET,114
GET,117
GET,115
PUT,108
PUT,107
DELETE,121
DELETE,125
GET,114
PUT,109
DELETE,121
DELETE,122
GET,114
GET,116
PUT,113
PUT,117
DELETE,127
PUT,114
DELETE,125
DELETE,123
GET,117
GET,115
DELETE,123
PUT,107
PUT,109
GET,113
PUT,108
DELETE,122
GET,112
GET,111
GET,110
GET,113
GET,116
PUT,111
DELETE,121
GET,113
PUT,111
GET,112
PUT,109
PUT,112
PUT,109
GET,114
PUT,109
DELETE,123
PUT,109
DELETE,124
DELETE,123
PUT,105
DELETE,183
PUT,111
GET,114
GET,112
DELETE,121
PUT,109
PUT,109
GET,111
GET,110
GET,113
DELETE,124
GET,112
PUT,110
PUT,104
GET,111
DELETE,138
PUT,107
PUT,107
DELETE,121
GET,113
GET,113
GET,114
DELETE,119
PUT,106
PUT,108
PUT,107
PUT,107
DELETE,125
DELETE,121
PUT,107
PUT,107
PUT,105
GET,111
GET,111
GET,113
DELETE,118
GET,109
GET,112
PUT,109
PUT,105
GET,111
PUT,108
GET,111
DELETE,120
PUT,104
GET,111
GET,109
PUT,106
GET,110
PUT,107
GET,112
GET,112
PUT,107
PUT,106
GET,113
DELETE,120
PUT,106
DELETE,128
PUT,110
GET,2268
GET,109
GET,110
PUT,105
GET,111
GET,109
GET,112
PUT,106
PUT,108
GET,113
DELETE,120
DELETE,123
GET,113
DELETE,118
PUT,106
PUT,105
PUT,107
DELETE,122
PUT,106
GET,111
DELETE,120
DELETE,119
GET,113
PUT,122
DELETE,122
PUT,105
DELETE,120
PUT,107
GET,112
DELETE,121
DELETE,120
PUT,106
PUT,105
GET,110
GET,111
DELETE,119
GET,111
GET,112
PUT,105
DELETE,121
GET,112
PUT,107
GET,113
DELETE,120
PUT,107
DELETE,119
PUT,104
GET,111
PUT,109
GET,113
GET,112
DELETE,119
DELETE,118
PUT,106
GET,112
GET,111
PUT,106
PUT,107
GET,111
PUT,107
PUT,116
DELETE,121
GET,110
DELETE,121
PUT,117
DELETE,117
DELETE,118
DELETE,119
DELETE,118
PUT,107
DELETE,117
DELETE,119
DELETE,119
GET,111
DELETE,122
DELETE,120
DELETE,119
GET,111
GET,110
DELETE,117
DELETE,120
GET,111
PUT,108
PUT,106
DELETE,120
PUT,107
DELETE,120
DELETE,122
GET,109
DELETE,117
DELETE,118
DELETE,122
DELETE,119
GET,112
PUT,105
PUT,109
DELETE,119
GET,108
GET,110
PUT,108
GET,111
GET,111
PUT,108
GET,111
DELETE,118
DELETE,116
PUT,105
PUT,105
DELETE,124
PUT,104
GET,115
PUT,106
PUT,106
PUT,105
PUT,108
GET,111
PUT,106
GET,112
DELETE,117
DELETE,116
PUT,105
DELETE,118
PUT,108
PUT,105
GET,112
DELETE,117
GET,110
DELETE,122
GET,114
PUT,106
PUT,107
DELETE,121
PUT,111
GET,111
DELETE,120
PUT,107
GET,112
DELETE,119
PUT,106
GET,108
GET,110
DELETE,117
DELETE,118
GET,111
DELETE,117
GET,115
PUT,104
GET,109
DELETE,119
GET,108
DELETE,116
GET,109
PUT,106
PUT,104
GET,108
PUT,111
PUT,107
DELETE,117
PUT,109
DELETE,121
PUT,106
GET,112
PUT,106
PUT,104
GET,112
PUT,107
DELETE,120
DELETE,123
GET,112
GET,109
PUT,106
PUT,105
PUT,106
PUT,106
GET,113
PUT,108
PUT,105
GET,108
PUT,105
PUT,108
PUT,107
GET,111
DELETE,123
DELETE,121
PUT,104
DELETE,120
DELETE,118
DELETE,118
PUT,109
GET,111
DELETE,122
PUT,105
GET,111
DELETE,126
GET,110
PUT,105
DELETE,119
GET,110
DELETE,119
DELETE,118
DELETE,122
DELETE,115
GET,111
DELETE,184
GET,111
PUT,108
PUT,107
DELETE,126
GET,113
PUT,106
PUT,109
GET,112
DELETE,121
GET,115
DELETE,119
GET,108
PUT,106
DELETE,117
PUT,106
GET,111
GET,110
GET,111
GET,110
PUT,106
PUT,108
PUT,107
PUT,106
GET,110
PUT,106
PUT,106
GET,113
GET,112
GET,109
PUT,105
GET,111
PUT,107
PUT,105
PUT,106
GET,111
GET,110
PUT,106
DELETE,122
PUT,106
DELETE,117
DELETE,118
GET,110
PUT,104
PUT,105
GET,110
PUT,108
DELETE,117
GET,109
DELETE,118
PUT,105
PUT,106
GET,117
DELETE,117
PUT,107
PUT,108
PUT,105
PUT,108
DELETE,120
DELETE,118
DELETE,117
GET,110
DELETE,126
GET,111
PUT,110
GET,113
DELETE,122
PUT,106
GET,111
GET,110
DELETE,117
GET,111
DELETE,120
PUT,108
GET,111
DELETE,121
GET,114
PUT,105
GET,113
DELETE,121
PUT,106
PUT,107
GET,111
GET,112
DELETE,123
DELETE,162
PUT,106
GET,113
GET,112
PUT,105
PUT,108
PUT,107
GET,108
DELETE,120
DELETE,120
GET,110
GET,114
PUT,108
GET,113
DELETE,119
GET,111
DELETE,119
GET,110
DELETE,120
PUT,106
DELETE,124
DELETE,121
DELETE,119
GET,200
DELETE,116
DELETE,117
PUT,104
PUT,105
GET,107
DELETE,118
DELETE,116
GET,113
GET,125
GET,109
DELETE,121
GET,110
DELETE,124
GET,112
DELETE,120
PUT,106
PUT,106
GET,111
GET,111
PUT,108
PUT,108
DELETE,122
GET,112
GET,111
DELETE,118
PUT,104
DELETE,117
PUT,107
PUT,106
PUT,107
DELETE,118
DELETE,123
PUT,106
DELETE,120
PUT,107
PUT,108
DELETE,118
GET,109
DELETE,119
DELETE,116
PUT,108
PUT,106
GET,113
PUT,107
PUT,107
GET,114
DELETE,122
PUT,107
DELETE,203
PUT,107
PUT,105
PUT,107
GET,113
GET,113
DELETE,122
PUT,106
DELETE,124
GET,110
PUT,109
PUT,108
PUT,108
PUT,107
PUT,107
DELETE,120
GET,114
PUT,108
GET,113
PUT,104
GET,112
DELETE,120
DELETE,120
PUT,106
GET,115
PUT,107
GET,111
DELETE,122
DELETE,120
DELETE,120
GET,111
DELETE,122
PUT,106
DELETE,118
GET,111
PUT,108
PUT,107
PUT,107
GET,114
PUT,111
GET,112
PUT,107
GET,112
GET,113
DELETE,121
DELETE,122
DELETE,126
DELETE,120
DELETE,120
DELETE,119
PUT,108
PUT,109
PUT,108
DELETE,119
GET,110
DELETE,117
PUT,106
DELETE,121
DELETE,122
DELETE,124
DELETE,122
DELETE,116
GET,109
PUT,108
DELETE,124
PUT,109
DELETE,122
DELETE,123
PUT,108
DELETE,123
GET,111
DELETE,118
DELETE,118
PUT,104
DELETE,117
GET,111
DELETE,117
GET,107
GET,108
PUT,105
GET,113
DELETE,123
GET,112
GET,109
PUT,109
PUT,108
GET,112
GET,111
DELETE,120
GET,111
DELETE,122
GET,113
DELETE,120
PUT,108
GET,112
GET,113
PUT,107
PUT,104
DELETE,120
GET,109
PUT,106
DELETE,118
GET,109
GET,112
GET,113
GET,110
DELETE,120
GET,110
PUT,107
GET,113
PUT,108
GET,113
GET,112
DELETE,122
DELETE,118
DELETE,119
DELETE,124
DELETE,122
DELETE,120
PUT,104
GET,109
GET,109
PUT,108
PUT,107
DELETE,120
GET,110
GET,109
GET,110
PUT,108
DELETE,123
GET,112
GET,112
PUT,107
GET,113
GET,112
GET,112
GET,112
DELETE,123
DELETE,118
DELETE,124
DELETE,117
GET,109
PUT,107
GET,111
PUT,108
DELETE,120
DELETE,120
GET,112
PUT,182
PUT,108
PUT,107
PUT,106
GET,113
PUT,108
DELETE,120
GET,112
DELETE,121
DELETE,121
GET,114
GET,541
PUT,105
GET,108
DELETE,122
DELETE,122
PUT,109
PUT,106
DELETE,118
PUT,108
GET,112
DELETE,120
GET,661
PUT,109
GET,112
GET,109
GET,111
DELETE,121
PUT,107
PUT,105
DELETE,120
GET,109
DELETE,120
GET,106
DELETE,118
DELETE,120
GET,112
GET,112
PUT,106
PUT,107
PUT,107
GET,111
GET,112
DELETE,121
GET,112
DELETE,123
PUT,106
GET,111
DELETE,123
GET,113
GET,112
PUT,106
PUT,106
GET,111
DELETE,115
PUT,104
PUT,109
PUT,108
DELETE,124
PUT,107
GET,115
DELETE,121
PUT,106
PUT,108
DELETE,121
DELETE,120
DELETE,124
PUT,108
GET,112
GET,116
DELETE,121
DELETE,120
PUT,108
PUT,108
DELETE,115
GET,109
DELETE,115
PUT,107
GET,113
PUT,107
DELETE,122
DELETE,120
GET,113
DELETE,121
PUT,108
DELETE,118
GET,111
GET,112
GET,1021
PUT,106
PUT,107
PUT,105
DELETE,119
PUT,172
DELETE,119
DELETE,118
DELETE,117
PUT,106
GET,112
PUT,108
PUT,109
GET,111
DELETE,121
PUT,110
GET,112
GET,114
PUT,108
GET,112
GET,113
DELETE,121
DELETE,118
DELETE,121
DELETE,122
DELETE,120
DELETE,151
GET,109
PUT,110
PUT,106
DELETE,121
PUT,108
GET,109
PUT,111
GET,112
PUT,106
PUT,108
DELETE,124
PUT,110
GET,353
PUT,111
DELETE,121
DELETE,120
DELETE,122
PUT,110
GET,113
PUT,109
DELETE,119
DELETE,118
DELETE,123
GET,114
DELETE,123
PUT,107
PUT,147
PUT,112
DELETE,120
DELETE,125
GET,113
GET,112
GET,114
PUT,107
DELETE,123
DELETE,121
GET,115
GET,113
DELETE,132
DELETE,122
GET,113
DELETE,122
GET,114
PUT,107
PUT,109
DELETE,123
GET,113
PUT,110
DELETE,117
DELETE,120
DELETE,123
PUT,111
PUT,110
GET,114
PUT,108
PUT,110
PUT,106
PUT,110
DELETE,124
DELETE,124
PUT,151
DELETE,122
DELETE,125
PUT,109
GET,113
DELETE,124
DELETE,119
DELETE,120
PUT,110
GET,110
DELETE,125
PUT,110
GET,117
PUT,108
GET,114
PUT,108
PUT,109
GET,113
GET,115
GET,113
DELETE,123
DELETE,122
PUT,111
GET,113
DELETE,123
DELETE,125
DELETE,121
PUT,110
GET,113
PUT,109
GET,114
DELETE,121
PUT,106
DELETE,122
DELETE,121
PUT,109
GET,111
GET,114
PUT,109
GET,113
GET,112
PUT,110
PUT,110
DELETE,125
PUT,111
DELETE,122
PUT,110
GET,112
DELETE,123
PUT,110
GET,115
GET,113
DELETE,121
DELETE,121
GET,115
DELETE,125
DELETE,123
PUT,109
GET,115
DELETE,117
DELETE,125
PUT,110
GET,116
GET,114
PUT,111
DELETE,122
PUT,111
GET,118
PUT,111
PUT,153
PUT,107
PUT,109
GET,116
PUT,109
PUT,107
PUT,108
GET,114
PUT,106
GET,114
PUT,110
GET,111
GET,1116
DELETE,124
PUT,111
GET,114
GET,115
DELETE,122
GET,113
DELETE,124
PUT,108
PUT,105
DELETE,122
PUT,111
DELETE,120
PUT,111
GET,112
PUT,106
PUT,111
PUT,109
GET,114
GET,114
GET,111
PUT,109
PUT,109
GET,114
DELETE,123
DELETE,123
DELETE,121
PUT,109
DELETE,124
PUT,109
PUT,108
DELETE,124
GET,115
DELETE,121
DELETE,122
DELETE,119
GET,114
GET,114
DELETE,124
GET,114
DELETE,122
GET,114
DELETE,120
DELETE,121
DELETE,122
PUT,108
PUT,109
PUT,110
DELETE,124
DELETE,126
GET,111
DELETE,119
DELETE,120
DELETE,119
PUT,108
DELETE,124
GET,113
DELETE,124
GET,111
DELETE,119
PUT,110
PUT,109
DELETE,124
PUT,109
DELETE,125
PUT,109
PUT,110
GET,113
PUT,110
PUT,109
DELETE,126
DELETE,122
PUT,109
PUT,108
PUT,109
PUT,109
DELETE,122
PUT,107
GET,110
GET,115
DELETE,126
GET,110
GET,112
PUT,107
DELETE,120
DELETE,120
DELETE,122
DELETE,116
DELETE,120
PUT,109
PUT,111
GET,111
DELETE,121
DELETE,122
DELETE,119
DELETE,120
PUT,107
PUT,106
PUT,106
DELETE,118
DELETE,163
PUT,111
GET,113
GET,113
DELETE,120
PUT,110
DELETE,125
DELETE,137
GET,112
DELETE,122
GET,109
GET,110
DELETE,119
DELETE,121
DELETE,118
PUT,1113
PUT,109
PUT,106
DELETE,119
DELETE,122
PUT,110
DELETE,125
PUT,108
GET,111
DELETE,225
GET,113
GET,115
PUT,112
PUT,107
PUT,108
PUT,109
DELETE,123
PUT,107
GET,111
GET,114
DELETE,121
PUT,110
DELETE,120
GET,112
PUT,107
DELETE,121
GET,113
GET,114
PUT,107
PUT,107
DELETE,124
DELETE,123
GET,111
DELETE,124
GET,115
GET,111
GET,110
GET,115
PUT,110
DELETE,121
DELETE,119
GET,114
GET,112
GET,113
GET,111
GET,111
PUT,107
GET,111
PUT,110
GET,111
DELETE,126
PUT,106
DELETE,124
DELETE,123
GET,112
DELETE,123
PUT,111
DELETE,125
GET,113
PUT,109
GET,115
GET,111
GET,112
DELETE,120
GET,112
PUT,112
GET,114
GET,114
GET,114
DELETE,124
PUT,107
PUT,107
DELETE,124
DELETE,123
GET,113
GET,116
PUT,110
DELETE,123
DELETE,120
GET,115
GET,110
DELETE,120
GET,113
DELETE,116
PUT,106
PUT,111
PUT,108
PUT,109
DELETE,120
PUT,112
PUT,109
GET,115
DELETE,124
DELETE,121
GET,117
DELETE,122
PUT,110
GET,114
PUT,107
GET,113
GET,110
PUT,106
PUT,107
PUT,108
DELETE,122
DELETE,118
DELETE,118
PUT,108
PUT,112
PUT,106
PUT,111
DELETE,120
DELETE,121
GET,116
PUT,109
GET,111
PUT,111
GET,111
PUT,108
DELETE,118
PUT,111
PUT,109
GET,114
GET,112
DELETE,121
PUT,108
PUT,108
GET,114
GET,112
PUT,107
DELETE,120
PUT,107
GET,113
GET,109
PUT,146
DELETE,118
DELETE,118
DELETE,117
PUT,107
GET,109
PUT,108
PUT,107
GET,113
GET,123
DELETE,122
DELETE,120
GET,114
GET,114
DELETE,124
GET,111
PUT,109
PUT,107
GET,112
DELETE,120
GET,118
GET,114
PUT,106
DELETE,119
GET,111
DELETE,119
GET,110
DELETE,121
PUT,106
PUT,108
DELETE,118
GET,110
GET,110
GET,109
DELETE,120
GET,112
PUT,106
DELETE,120
PUT,107
GET,110
DELETE,118
PUT,109
PUT,108
DELETE,119
PUT,115
PUT,109
PUT,106
PUT,111
GET,114
DELETE,120
GET,111
PUT,108
DELETE,119
GET,108
GET,115
DELETE,118
DELETE,121
DELETE,121
GET,115
GET,111
GET,113
DELETE,166
DELETE,121
GET,110
DELETE,119
DELETE,124
GET,112
DELETE,119
DELETE,119
PUT,110
PUT,109
GET,111
PUT,109
DELETE,121
DELETE,120
GET,113
DELETE,121
DELETE,118
PUT,109
GET,112
PUT,108
DELETE,120
DELETE,120
GET,116
PUT,107
PUT,114
DELETE,122
PUT,113
PUT,108
PUT,105
GET,113
PUT,108
PUT,113
GET,129
DELETE,117
PUT,106
DELETE,116
PUT,110
DELETE,117
PUT,109
PUT,109
DELETE,124
DELETE,122
PUT,138
DELETE,123
GET,114
DELETE,125
DELETE,119
GET,115
GET,114
GET,115
DELETE,122
DELETE,119
PUT,110
PUT,113
PUT,214
GET,112
PUT,106
GET,115
GET,157
DELETE,122
GET,112
PUT,110
GET,130
PUT,110
PUT,108
PUT,118
PUT,106
PUT,110
PUT,107
DELETE,125
PUT,109
GET,113
PUT,108
DELETE,121
PUT,107
PUT,108
GET,109
GET,113
PUT,111
PUT,106
DELETE,120
DELETE,119
PUT,109
PUT,108
DELETE,123
GET,111
PUT,109
GET,111
DELETE,124
PUT,110
PUT,107
GET,115
PUT,107
DELETE,123
GET,113
GET,112
DELETE,117
DELETE,120
GET,112
GET,132
PUT,109
GET,113
DELETE,118
GET,113
GET,113
DELETE,167
DELETE,120
GET,114
DELETE,118
DELETE,120
PUT,108
DELETE,121
PUT,112
GET,114
PUT,105
GET,110
DELETE,126
PUT,108
DELETE,126
PUT,120
DELETE,123
GET,111
GET,115
DELETE,118
DELETE,124
GET,112
DELETE,122
GET,110
DELETE,122
PUT,110
DELETE,122
DELETE,122
DELETE,120
DELETE,119
DELETE,119
DELETE,116
GET,113
GET,111
GET,113
PUT,108
GET,113
GET,115
DELETE,125
PUT,110
GET,115
DELETE,122
GET,112
GET,114
DELETE,119
DELETE,120
DELETE,121
GET,113
GET,119
GET,112
PUT,106
PUT,109
PUT,109
PUT,108
PUT,104
GET,108
PUT,111
DELETE,188
DELETE,131
PUT,110
GET,115
DELETE,121
DELETE,123
DELETE,120
DELETE,123
PUT,110
DELETE,123
DELETE,119
GET,111
GET,113
PUT,110
DELETE,123
GET,110
PUT,142
GET,113
PUT,110
PUT,111
GET,109
GET,110
GET,116
PUT,108
DELETE,124
PUT,109
GET,113
PUT,110
GET,113
DELETE,123
GET,112
DELETE,119
DELETE,123
DELETE,121
GET,112
GET,115
DELETE,138
DELETE,128
DELETE,120
PUT,105
GET,109
DELETE,122
PUT,107
GET,114
PUT,109
DELETE,138
DELETE,125
DELETE,121
PUT,135
GET,113
PUT,108
GET,112
DELETE,122
PUT,108
PUT,110
GET,113
GET,111
PUT,109
GET,116
GET,110
PUT,105
PUT,159
PUT,110
PUT,140
PUT,109
DELETE,122
GET,113
DELETE,122
DELETE,120
GET,111
PUT,105
PUT,110
PUT,110
PUT,112
GET,114
PUT,108
DELETE,125
DELETE,121
DELETE,125
GET,114
PUT,109
GET,113
GET,109
PUT,107
DELETE,121
PUT,106
PUT,109
GET,110
GET,111
GET,117
DELETE,120
GET,111
PUT,110
PUT,106
DELETE,127
PUT,107
PUT,109
GET,213
PUT,109
DELETE,122
DELETE,123
DELETE,154
GET,112
DELETE,123
GET,111
GET,113
PUT,107
PUT,109
PUT,106
DELETE,118
GET,113
GET,111
PUT,110
DELETE,122
GET,111
GET,112
PUT,109
DELETE,127
GET,116
DELETE,127
DELETE,119
GET,111
PUT,114
GET,114
DELETE,120
GET,113
DELETE,135
DELETE,119
DELETE,124
DELETE,120
DELETE,122
GET,118
PUT,107
PUT,110
GET,112
PUT,110
GET,113
PUT,168
PUT,112
PUT,110
DELETE,121
DELETE,121
GET,115
GET,115
GET,119
DELETE,129
PUT,110
PUT,108
GET,113
DELETE,120
PUT,108
GET,108
PUT,108
DELETE,120
GET,112
DELETE,124
DELETE,120
DELETE,121
GET,113
PUT,110
GET,114
PUT,109
GET,114
PUT,108
PUT,110
DELETE,126
GET,120
PUT,107
GET,115
DELETE,120
DELETE,122
GET,110
PUT,111
DELETE,121
GET,216
DELETE,120
GET,110
GET,113
GET,137
DELETE,122
PUT,114
PUT,106
PUT,110
GET,114
PUT,108
PUT,107
DELETE,120
GET,109
GET,117
PUT,106
PUT,144
GET,113
GET,113
DELETE,120
DELETE,123
PUT,108
DELETE,121
GET,114
PUT,107
PUT,107
DELETE,143
DELETE,120
GET,113
DELETE,121
GET,111
DELETE,128
PUT,107
DELETE,125
GET,110
DELETE,123
GET,177
PUT,109
GET,111
PUT,109
PUT,110
DELETE,120
PUT,106
PUT,108
PUT,110
GET,121
GET,122
DELETE,121
DELETE,122
PUT,109
GET,114
DELETE,121
GET,112
PUT,109
DELETE,123
PUT,109
GET,111
GET,113
GET,120
PUT,107
DELETE,124
DELETE,201
PUT,106
PUT,141
PUT,107
PUT,110
PUT,158
DELETE,122
DELETE,123
PUT,167
GET,109
DELETE,122
PUT,110
PUT,109
GET,111
PUT,112
GET,111
GET,111
DELETE,120
DELETE,120
DELETE,119
GET,111
PUT,110
PUT,110
DELETE,120
GET,111
PUT,108
PUT,109
PUT,110
PUT,109
DELETE,130
PUT,109
DELETE,126
GET,114
PUT,109
GET,110
PUT,110
DELETE,215
DELETE,121
GET,111
PUT,109
DELETE,125
DELETE,122
PUT,104
PUT,104
PUT,108
PUT,110
PUT,109
DELETE,126
DELETE,124
PUT,109
GET,118
DELETE,122
PUT,107
GET,113
PUT,108
DELETE,122
PUT,109
DELETE,119
PUT,129
PUT,109
PUT,108
GET,111
GET,122
GET,109
PUT,107
DELETE,120
GET,112
GET,112
PUT,108
GET,158
DELETE,123
GET,115
DELETE,121
DELETE,120
PUT,109
GET,113
GET,114
PUT,109
DELETE,119
DELETE,120
DELETE,120
DELETE,120
PUT,107
PUT,108
PUT,107
GET,113
GET,112
PUT,107
PUT,109
GET,114
DELETE,126
PUT,108
GET,114
PUT,110
GET,112
PUT,109
DELETE,166
GET,113
DELETE,122
DELETE,120
DELETE,122
DELETE,119
PUT,109
GET,113
DELETE,118
DELETE,121
GET,113
DELETE,120
DELETE,120
DELETE,123
DELETE,119
DELETE,119
DELETE,121
GET,111
GET,114
DELETE,120
GET,120
PUT,108
PUT,109
GET,116
DELETE,122
DELETE,121
GET,219
GET,115
GET,115
GET,117
GET,112
DELETE,172
DELETE,122
GET,110
GET,114
GET,114
DELETE,121
GET,113
GET,114
PUT,108
GET,111
DELETE,124
GET,116
PUT,108
PUT,108
PUT,109
DELETE,125
PUT,108
GET,113
GET,109
PUT,110
DELETE,125
DELETE,118
GET,110
PUT,161
PUT,109
PUT,110
GET,112
PUT,208
DELETE,119
GET,115
PUT,112
PUT,110
DELETE,126
DELETE,119
PUT,111
PUT,109
GET,112
GET,114
PUT,110
DELETE,122
DELETE,121
DELETE,143
DELETE,117
GET,112
DELETE,121
PUT,110
DELETE,122
DELETE,119
DELETE,123
DELETE,121
PUT,109
PUT,108
PUT,107
DELETE,122
PUT,117
PUT,108
GET,112
GET,114
DELETE,122
GET,111
PUT,110
PUT,114
GET,115
PUT,108
PUT,108
PUT,110
DELETE,124
DELETE,120
PUT,109
PUT,105
GET,115
DELETE,117
GET,111
PUT,106
GET,113
PUT,108
GET,116
DELETE,121
DELETE,124
GET,114
DELETE,122
GET,115
PUT,108
DELETE,121
DELETE,123
PUT,110
GET,112
GET,111
DELETE,118
DELETE,120
DELETE,116
DELETE,119
DELETE,179
GET,112
PUT,110
DELETE,121
DELETE,135
GET,114
PUT,109
PUT,110
PUT,109
DELETE,120
PUT,108
GET,113
GET,113
PUT,108
DELETE,122
GET,113
DELETE,121
GET,111
DELETE,119
PUT,106
PUT,108
PUT,105
GET,112
DELETE,206
DELETE,118
PUT,109
GET,112
PUT,107
PUT,109
PUT,110
PUT,157
PUT,106
GET,113
PUT,108
DELETE,127
GET,112
PUT,111
DELETE,121
PUT,109
GET,111
GET,109
PUT,106
GET,113
PUT,106
GET,113
GET,114
PUT,108
DELETE,125
GET,114
PUT,108
GET,114
PUT,109
DELETE,121
DELETE,122
GET,117
GET,113
PUT,110
PUT,108
PUT,112
GET,115
GET,115
GET,114
PUT,106
GET,109
DELETE,124
PUT,109
GET,111
PUT,109
GET,110
DELETE,120
GET,112
GET,112
PUT,109
GET,113
PUT,109
PUT,112
DELETE,121
DELETE,124
DELETE,122
PUT,109
DELETE,122
PUT,108
GET,112
GET,110
DELETE,120
PUT,107
PUT,109
GET,113
PUT,107
GET,112
GET,115
GET,115
DELETE,124
PUT,108
PUT,108
PUT,110
PUT,108
PUT,110
GET,114
DELETE,123
PUT,110
GET,114
GET,110
DELETE,122
DELETE,123
PUT,110
PUT,108
PUT,106
GET,198
GET,112
DELETE,122
DELETE,119
DELETE,118
PUT,110
GET,128
GET,115
DELETE,120
PUT,110
PUT,109
GET,112
DELETE,123
PUT,110
DELETE,116
GET,111
DELETE,119
DELETE,209
PUT,110
PUT,107
DELETE,124
DELETE,119
PUT,109
GET,113
GET,113
GET,114
DELETE,121
GET,115
GET,113
GET,112
PUT,109
PUT,110
GET,115
DELETE,121
GET,154
GET,145
DELETE,122
GET,115
GET,113
GET,118
PUT,111
DELETE,126
DELETE,121
DELETE,123
GET,111
PUT,105
PUT,110
DELETE,118
PUT,112
DELETE,120
GET,113
PUT,107
DELETE,123
GET,112
DELETE,192
PUT,111
DELETE,123
PUT,105
PUT,106
DELETE,125
DELETE,124
DELETE,125
GET,114
PUT,110
GET,114
PUT,108
PUT,112
PUT,110
DELETE,120
GET,113
DELETE,166
DELETE,122
DELETE,119
GET,113
PUT,109
DELETE,120
GET,142
PUT,104
DELETE,124
GET,118
GET,115
PUT,110
PUT,111
PUT,111
DELETE,122
GET,114
DELETE,122
PUT,108
PUT,110
DELETE,124
DELETE,122
